name,price,details,image_url,product_link
"REDMI Note 14 SE 5G (Crimson Art, 128 GB)","₹12,999",6 GB RAM | 128 GB ROM | 16.94 cm (6.67 inch) Full HD+ Display | 50MP + 8MP + 2MP | 20MP Front Camera | 5110 mAh Battery | Dimensity 7025 Ultra Processor | 1 Year Warranty on the Handset and 6 Months Warranty on the Inbox Accessories,https://rukminim2.flixcart.com/image/312/312/xif0q/mobile/z/t/l/-original-imahg2z9zy2ea2py.jpeg?q=70,https://www.flipkart.com/redmi-note-14-se-5g-crimson-art-128-gb/p/itm10fbd7f3a50f1?pid=MOBHE48SXCFFFTTT&lid=LSTMOBHE48SXCFFFTTTDUVPWS&marketplace=FLIPKART&store=tyy%2F4io&srno=b_1_1&otracker=browse&fm=organic&iid=en_k3FpqvdqCJfzgS4I5MmKf-sa2QXq3PqhfN9rWRb2SsR3ciiMGGlxqO3junWvOujBKUze0Br_1Pdd5Of55oQWDfUFjCTyOHoHZs-Z5_PS_w0%3D&ppt=None&ppn=None&ssid=02zcb8qtvk0000001759037047376
"Samsung Galaxy S24 FE 5G (Blue, 128 GB)","₹29,999",8 GB RAM | 128 GB ROM | 17.02 cm (6.7 inch) Full HD+ Display | 50MP + 12MP | 10MP Front Camera | 4700 mAh Battery | Exynos 2400e Processor | 1 Year Manufacturer Warranty for Device and 6 Months for In-Box Accessories,https://rukminim2.flixcart.com/image/312/312/xif0q/mobile/u/r/t/-original-imahfw4ahyk6qfxe.jpeg?q=70,https://www.flipkart.com/samsung-galaxy-s24-fe-5g-blue-128-gb/p/itme960199e26f23?pid=MOBH4ZG3Z5NCBW2H&lid=LSTMOBH4ZG3Z5NCBW2HHP3FVG&marketplace=FLIPKART&store=tyy%2F4io&srno=b_1_2&otracker=browse&fm=organic&iid=en_k3FpqvdqCJfzgS4I5MmKf-sa2QXq3PqhfN9rWRb2SsRibn9jLCU-UtqQxwUS_3lrVmv_I2yj4_9LNXSc__YW5w%3D%3D&ppt=None&ppn=None&ssid=02zcb8qtvk0000001759037047376
"Apple iPhone 16 (Black, 256 GB)","₹79,999","256 GB ROM | 15.49 cm (6.1 inch) Super Retina XDR Display | 48MP + 12MP | 12MP Front Camera | A18 Chip, 6 Core Processor Processor | 1 year warranty for phone and 1 year warranty for in Box Accessories.",https://rukminim2.flixcart.com/image/312/312/xif0q/mobile/8/w/5/-original-imah4jyfwr3bfjbg.jpeg?q=70,https://www.flipkart.com/apple-iphone-16-black-256-gb/p/itm86da1977dcdf1?pid=MOBH4DQFZCJJXUFG&lid=LSTMOBH4DQFZCJJXUFGO5DY3W&marketplace=FLIPKART&store=tyy%2F4io&srno=b_1_3&otracker=browse&fm=organic&iid=7974db70-251e-400e-9c5a-9bb0661766a0.MOBH4DQFZCJJXUFG.SEARCH&ppt=None&ppn=None&ssid=02zcb8qtvk0000001759037047376
"Apple iPhone 16 (White, 256 GB)","₹79,999","256 GB ROM | 15.49 cm (6.1 inch) Super Retina XDR Display | 48MP + 12MP | 12MP Front Camera | A18 Chip, 6 Core Processor Processor | 1 year warranty for phone and 1 year warranty for in Box Accessories.",https://rukminim2.flixcart.com/image/312/312/xif0q/mobile/g/v/p/-original-imah4jyfveygyubc.jpeg?q=70,https://www.flipkart.com/apple-iphone-16-white-256-gb/p/itma0ed9b33a2973?pid=MOBH4DQFCU7ZY9HG&lid=LSTMOBH4DQFCU7ZY9HGOIRVNY&marketplace=FLIPKART&store=tyy%2F4io&srno=b_1_4&otracker=browse&fm=organic&iid=7974db70-251e-400e-9c5a-9bb0661766a0.MOBH4DQFCU7ZY9HG.SEARCH&ppt=None&ppn=None&ssid=02zcb8qtvk0000001759037047376
"Apple iPhone 16 (Teal, 256 GB)","₹79,999","256 GB ROM | 15.49 cm (6.1 inch) Super Retina XDR Display | 48MP + 12MP | 12MP Front Camera | A18 Chip, 6 Core Processor Processor | 1 year warranty for phone and 1 year warranty for in Box Accessories.",https://rukminim2.flixcart.com/image/312/312/xif0q/mobile/r/k/a/-original-imah4jyfyrpxfhtk.jpeg?q=70,https://www.flipkart.com/apple-iphone-16-teal-256-gb/p/itm2b7be11cfadef?pid=MOBH4DQFYKJHESFG&lid=LSTMOBH4DQFYKJHESFG4RZ0KX&marketplace=FLIPKART&store=tyy%2F4io&srno=b_1_5&otracker=browse&fm=organic&iid=7974db70-251e-400e-9c5a-9bb0661766a0.MOBH4DQFYKJHESFG.SEARCH&ppt=None&ppn=None&ssid=02zcb8qtvk0000001759037047376
"Samsung Galaxy F06 5G (Lit Violet, 128 GB)","₹7,999",4 GB RAM | 128 GB ROM | Expandable Upto 1500 GB | 17.02 cm (6.7 inch) HD+ Display | 50MP + 2MP | 8MP Front Camera | 5000 mAh Battery | Dimensity 6300 Processor | 1 Year Manufacturer Warranty for Device and 6 Months for In-Box Accessories,https://rukminim2.flixcart.com/image/312/312/xif0q/mobile/i/q/r/-original-imahfvrmzd46wgw5.jpeg?q=70,https://www.flipkart.com/samsung-galaxy-f06-5g-lit-violet-128-gb/p/itm140da3412b73b?pid=MOBH9AS4FA5RUHSY&lid=LSTMOBH9AS4FA5RUHSYIYVIFO&marketplace=FLIPKART&store=tyy%2F4io&srno=b_1_6&otracker=browse&fm=organic&iid=en_k3FpqvdqCJfzgS4I5MmKf-sa2QXq3PqhfN9rWRb2SsRo_qnHMD3Q3znsfLgVyfnJruagqPWnerVKKN6KgYTHnH3Gaq_wzx4HJysDmGalzMk%3D&ppt=None&ppn=None&ssid=02zcb8qtvk0000001759037047376
"vivo T4 Lite 5G Charger in the Box (Titanium Gold, 128 GB)","₹10,999",6 GB RAM | 128 GB ROM | Expandable Upto 2 TB | 17.12 cm (6.74 inch) HD+ Display | 50MP + 2MP | 5MP Front Camera | 6000 mAh Battery | Dimensity 6300 5G Processor | 1 Year Manufacturer Warranty for Device and 6 Months Manufacturer Warranty for Inbox Accessories,https://rukminim2.flixcart.com/image/312/312/xif0q/mobile/6/9/t/-original-imahfkvfhpfaftmb.jpeg?q=70,https://www.flipkart.com/vivo-t4-lite-5g-charger-box-titanium-gold-128-gb/p/itm9886d6e522c4b?pid=MOBHDY9FWXVJYCFM&lid=LSTMOBHDY9FWXVJYCFMHXZJVU&marketplace=FLIPKART&store=tyy%2F4io&srno=b_1_7&otracker=browse&fm=organic&iid=7974db70-251e-400e-9c5a-9bb0661766a0.MOBHDY9FWXVJYCFM.SEARCH&ppt=None&ppn=None&ssid=02zcb8qtvk0000001759037047376
"vivo T4 Lite 5G Charger in the Box (Prism Blue, 256 GB)","₹12,999",8 GB RAM | 256 GB ROM | Expandable Upto 2 TB | 17.12 cm (6.74 inch) HD+ Display | 50MP + 2MP | 5MP Front Camera | 6000 mAh Battery | Dimensity 6300 5G Processor | 1 Year Manufacturer Warranty for Device and 6 Months Manufacturer Warranty for Inbox Accessories,https://rukminim2.flixcart.com/image/312/312/xif0q/mobile/l/w/0/-original-imahfkx4pbdh5pff.jpeg?q=70,https://www.flipkart.com/vivo-t4-lite-5g-charger-box-prism-blue-256-gb/p/itm9886d6e522c4b?pid=MOBHDY9FPSBK8D4E&lid=LSTMOBHDY9FPSBK8D4EG11UHE&marketplace=FLIPKART&store=tyy%2F4io&srno=b_1_8&otracker=browse&fm=organic&iid=7974db70-251e-400e-9c5a-9bb0661766a0.MOBHDY9FPSBK8D4E.SEARCH&ppt=None&ppn=None&ssid=02zcb8qtvk0000001759037047376
"vivo T4x 5G (Pronto Purple, 128 GB)","₹14,499",8 GB RAM | 128 GB ROM | 17.07 cm (6.72 inch) Display | 50MP + 2MP | 8MP Front Camera | 6500 mAh Battery | Dimensity 7300 5G Processor | 1 Year Warranty for Device and 6 Months Warranty for Accessories,https://rukminim2.flixcart.com/image/312/312/xif0q/mobile/j/t/v/-original-imahavdv28z4nrkn.jpeg?q=70,https://www.flipkart.com/vivo-t4x-5g-pronto-purple-128-gb/p/itm017656bdd097b?pid=MOBH9JUSZHCX3JRG&lid=LSTMOBH9JUSZHCX3JRGEPZVNT&marketplace=FLIPKART&store=tyy%2F4io&srno=b_1_9&otracker=browse&fm=organic&iid=7974db70-251e-400e-9c5a-9bb0661766a0.MOBH9JUSZHCX3JRG.SEARCH&ppt=None&ppn=None&ssid=02zcb8qtvk0000001759037047376
"Apple iPhone 16 (Pink, 256 GB)","₹79,999","256 GB ROM | 15.49 cm (6.1 inch) Super Retina XDR Display | 48MP + 12MP | 12MP Front Camera | A18 Chip, 6 Core Processor Processor | 1 year warranty for phone and 1 year warranty for in Box Accessories.",https://rukminim2.flixcart.com/image/312/312/xif0q/mobile/c/v/p/-original-imah4jyfcjgcghqs.jpeg?q=70,https://www.flipkart.com/apple-iphone-16-pink-256-gb/p/itm0d8c695cded44?pid=MOBH4DQF28XAYM2S&lid=LSTMOBH4DQF28XAYM2S3JPA23&marketplace=FLIPKART&store=tyy%2F4io&srno=b_1_10&otracker=browse&fm=organic&iid=7974db70-251e-400e-9c5a-9bb0661766a0.MOBH4DQF28XAYM2S.SEARCH&ppt=None&ppn=None&ssid=02zcb8qtvk0000001759037047376
"Samsung Galaxy S24 5G Snapdragon (Marble Gray, 128 GB)","₹39,999",8 GB RAM | 128 GB ROM | 15.75 cm (6.2 inch) Full HD+ Display | 50MP + 12MP | 12MP Front Camera | 4000 mAh Battery | 8 Gen 3 Processor | 1 Year Manufacturer Warranty for Device and 6 Months for In-Box Accessories,https://rukminim2.flixcart.com/image/312/312/xif0q/mobile/i/b/d/-original-imahfz2tuqdczpfg.jpeg?q=70,https://www.flipkart.com/samsung-galaxy-s24-5g-snapdragon-marble-gray-128-gb/p/itm8f6413060b707?pid=MOBHDVFKCP3DZG4G&lid=LSTMOBHDVFKCP3DZG4GNMA6GO&marketplace=FLIPKART&store=tyy%2F4io&srno=b_1_11&otracker=browse&fm=organic&iid=en_k3FpqvdqCJfzgS4I5MmKf-sa2QXq3PqhfN9rWRb2SsR5GViTAxubWQBdfhaxGrgufv-s0q4atT_ZcQiQ6cSCduvN4Mn-dv-pi277bRzMbnY%3D&ppt=None&ppn=None&ssid=02zcb8qtvk0000001759037047376
"realme P3x 5G (Midnight Blue, 128 GB)","₹10,999",6 GB RAM | 128 GB ROM | 17.07 cm (6.72 inch) Full HD Display | 50MP Rear Camera | 8MP Front Camera | 6000 mAh Battery | Dimensity 6400 Processor | 1 Year Manufacturer Warranty for Device and 6 Months Manufacturer Warranty for Inbox Accessories,https://rukminim2.flixcart.com/image/312/312/xif0q/mobile/j/n/1/-original-imah9gtmya9qhqse.jpeg?q=70,https://www.flipkart.com/realme-p3x-5g-midnight-blue-128-gb/p/itmab5a4b09b6ccc?pid=MOBH8VGV88UADK2Z&lid=LSTMOBH8VGV88UADK2ZH101KQ&marketplace=FLIPKART&store=tyy%2F4io&srno=b_1_12&otracker=browse&fm=organic&iid=en_k3FpqvdqCJfzgS4I5MmKf-sa2QXq3PqhfN9rWRb2SsQkEl4xkcLDHZpci48DBGwvnvDiBMtn-k3_sulPyf5432aRs4JL222ZRV-dN99QnxU%3D&ppt=None&ppn=None&ssid=02zcb8qtvk0000001759037047376
"vivo T4x 5G (Marine Blue, 128 GB)","₹14,499",8 GB RAM | 128 GB ROM | 17.07 cm (6.72 inch) Display | 50MP + 2MP | 8MP Front Camera | 6500 mAh Battery | Dimensity 7300 5G Processor | 1 Year Warranty for Device and 6 Months Warranty for Accessories,https://rukminim2.flixcart.com/image/312/312/xif0q/mobile/m/n/v/-original-imahavdveeghweea.jpeg?q=70,https://www.flipkart.com/vivo-t4x-5g-marine-blue-128-gb/p/itm017656bdd097b?pid=MOBH9JUSZWZ5ZZAM&lid=LSTMOBH9JUSZWZ5ZZAMUKKGCS&marketplace=FLIPKART&store=tyy%2F4io&srno=b_1_13&otracker=browse&fm=organic&iid=7974db70-251e-400e-9c5a-9bb0661766a0.MOBH9JUSZWZ5ZZAM.SEARCH&ppt=None&ppn=None&ssid=02zcb8qtvk0000001759037047376
"vivo T4 Lite 5G Charger in the Box (Prism Blue, 128 GB)","₹10,999",6 GB RAM | 128 GB ROM | Expandable Upto 2 TB | 17.12 cm (6.74 inch) HD+ Display | 50MP + 2MP | 5MP Front Camera | 6000 mAh Battery | Dimensity 6300 5G Processor | 1 Year Manufacturer Warranty for Device and 6 Months Manufacturer Warranty for Inbox Accessories,https://rukminim2.flixcart.com/image/312/312/xif0q/mobile/l/w/0/-original-imahfkx4pbdh5pff.jpeg?q=70,https://www.flipkart.com/vivo-t4-lite-5g-charger-box-prism-blue-128-gb/p/itm9886d6e522c4b?pid=MOBHDY9FP7WFPCEE&lid=LSTMOBHDY9FP7WFPCEE9J8DVQ&marketplace=FLIPKART&store=tyy%2F4io&srno=b_1_14&otracker=browse&fm=organic&iid=7974db70-251e-400e-9c5a-9bb0661766a0.MOBHDY9FP7WFPCEE.SEARCH&ppt=None&ppn=None&ssid=02zcb8qtvk0000001759037047376
"vivo T4 Lite 5G Charger in the Box (Titanium Gold, 128 GB)","₹9,999",4 GB RAM | 128 GB ROM | Expandable Upto 2 TB | 17.12 cm (6.74 inch) HD+ Display | 50MP + 2MP | 5MP Front Camera | 6000 mAh Battery | Dimensity 6300 5G Processor | 1 Year Manufacturer Warranty for Device and 6 Months Manufacturer Warranty for Inbox Accessories,https://rukminim2.flixcart.com/image/312/312/xif0q/mobile/6/9/t/-original-imahfkvfhpfaftmb.jpeg?q=70,https://www.flipkart.com/vivo-t4-lite-5g-charger-box-titanium-gold-128-gb/p/itm9886d6e522c4b?pid=MOBHDY9F2NKVDSYE&lid=LSTMOBHDY9F2NKVDSYENNGQ9C&marketplace=FLIPKART&store=tyy%2F4io&srno=b_1_15&otracker=browse&fm=organic&iid=7974db70-251e-400e-9c5a-9bb0661766a0.MOBHDY9F2NKVDSYE.SEARCH&ppt=None&ppn=None&ssid=02zcb8qtvk0000001759037047376
"vivo T4 Lite 5G Charger in the Box (Prism Blue, 128 GB)","₹9,999",4 GB RAM | 128 GB ROM | Expandable Upto 2 TB | 17.12 cm (6.74 inch) HD+ Display | 50MP + 2MP | 5MP Front Camera | 6000 mAh Battery | Dimensity 6300 5G Processor | 1 Year Manufacturer Warranty for Device and 6 Months Manufacturer Warranty for Inbox Accessories,https://rukminim2.flixcart.com/image/312/312/xif0q/mobile/a/a/x/-original-imahfkvfhcddfzvh.jpeg?q=70,https://www.flipkart.com/vivo-t4-lite-5g-charger-box-prism-blue-128-gb/p/itm9886d6e522c4b?pid=MOBHDY9FCZV9HPM9&lid=LSTMOBHDY9FCZV9HPM9WHT3DR&marketplace=FLIPKART&store=tyy%2F4io&srno=b_1_16&otracker=browse&fm=organic&iid=7974db70-251e-400e-9c5a-9bb0661766a0.MOBHDY9FCZV9HPM9.SEARCH&ppt=None&ppn=None&ssid=02zcb8qtvk0000001759037047376
"REDMI Note 14 SE 5G (Mystique White, 128 GB)","₹12,999",6 GB RAM | 128 GB ROM | 16.94 cm (6.67 inch) Full HD+ Display | 50MP + 8MP + 2MP | 20MP Front Camera | 5110 mAh Battery | Dimensity 7025 Ultra Processor | 1 Year Warranty on the Handset and 6 Months Warranty on the Inbox Accessories,https://rukminim2.flixcart.com/image/312/312/xif0q/mobile/x/j/s/-original-imahg2z9zcwf6yyy.jpeg?q=70,https://www.flipkart.com/redmi-note-14-se-5g-mystique-white-128-gb/p/itm3ac3f82a0d665?pid=MOBHE48SHGAUHGTC&lid=LSTMOBHE48SHGAUHGTCENTOS8&marketplace=FLIPKART&store=tyy%2F4io&srno=b_1_17&otracker=browse&fm=organic&iid=en_k3FpqvdqCJfzgS4I5MmKf-sa2QXq3PqhfN9rWRb2SsR-hcbmQ1SSGi8_nCTKJJrjipzC2-yFWOxpdFdMys-UCInfEY2D5bWfIUmTlXs_oiU%3D&ppt=None&ppn=None&ssid=02zcb8qtvk0000001759037047376
"Samsung Galaxy F36 5G (Violet, 128 GB)","₹13,999",6 GB RAM | 128 GB ROM | Expandable Upto 2 TB | 17.02 cm (6.7 inch) Full HD+ Display | 50MP + 8MP + 2MP | 13MP Front Camera | 5000 mAh Battery | Samsung Exynos 1380 Processor | 1 Year Manufacturer Warranty for Device and 6 Months for In-Box Accessories,https://rukminim2.flixcart.com/image/312/312/xif0q/mobile/c/w/g/-original-imahgynnesp6jrxa.jpeg?q=70,https://www.flipkart.com/samsung-galaxy-f36-5g-violet-128-gb/p/itm85ca200fd55e9?pid=MOBHDFVTH22ZAZXZ&lid=LSTMOBHDFVTH22ZAZXZMFVJDX&marketplace=FLIPKART&store=tyy%2F4io&srno=b_1_18&otracker=browse&fm=organic&iid=en_k3FpqvdqCJfzgS4I5MmKf-sa2QXq3PqhfN9rWRb2SsQ4KxdA2mY38_wvwr2o7PWn75CUKr9g-_vSWuBqdr8UX_KSJvID5C-RdFfAlzwDiqI%3D&ppt=None&ppn=None&ssid=02zcb8qtvk0000001759037047376
"vivo T4x 5G (Marine Blue, 128 GB)","₹13,499",6 GB RAM | 128 GB ROM | 17.07 cm (6.72 inch) Display | 50MP + 2MP | 8MP Front Camera | 6500 mAh Battery | Dimensity 7300 5G Processor | 1 Year Warranty for Device and 6 Months Warranty for Accessories,https://rukminim2.flixcart.com/image/312/312/xif0q/mobile/m/n/v/-original-imahavdveeghweea.jpeg?q=70,https://www.flipkart.com/vivo-t4x-5g-marine-blue-128-gb/p/itm017656bdd097b?pid=MOBH9JUSTWEMVADU&lid=LSTMOBH9JUSTWEMVADUWC2KM6&marketplace=FLIPKART&store=tyy%2F4io&srno=b_1_19&otracker=browse&fm=organic&iid=7974db70-251e-400e-9c5a-9bb0661766a0.MOBH9JUSTWEMVADU.SEARCH&ppt=None&ppn=None&ssid=02zcb8qtvk0000001759037047376
"MOTOROLA Edge 60 Fusion 5G (PANTONE Mykonos Blue, 256 GB)","₹20,999",8 GB RAM | 256 GB ROM | Expandable Upto 1 TB | 16.94 cm (6.67 inch) Display | 50MP + 13MP | 32MP Front Camera | 5500 mAh Battery | Dimensity 7400 Processor | 68W Charger | 1 Year Warranty on Handset and 6 Months Warranty on Accessories,https://rukminim2.flixcart.com/image/312/312/xif0q/mobile/6/b/c/-original-imahcjrax7j8fyuf.jpeg?q=70,https://www.flipkart.com/motorola-edge-60-fusion-5g-pantone-mykonos-blue-256-gb/p/itmdbb95e3f12ab6?pid=MOBH9ARFZXNHC7VZ&lid=LSTMOBH9ARFZXNHC7VZD9IAPG&marketplace=FLIPKART&store=tyy%2F4io&srno=b_1_20&otracker=browse&fm=organic&iid=7974db70-251e-400e-9c5a-9bb0661766a0.MOBH9ARFZXNHC7VZ.SEARCH&ppt=None&ppn=None&ssid=02zcb8qtvk0000001759037047376
"realme P4 5G (Steel Grey, 128 GB)","₹16,999",6 GB RAM | 128 GB ROM | 17.2 cm (6.77 inch) Display | 50MP + 8MP | 16MP Front Camera | 7000 mAh Battery | Mediatek Dimensity 7400 Processor | 1 Year Manufacturer Warranty for Device and 6 Months Manufacturer Warranty for Inbox Accessories,https://rukminim2.flixcart.com/image/312/312/xif0q/mobile/2/m/d/-original-imahf47f6fgxwh9a.jpeg?q=70,https://www.flipkart.com/realme-p4-5g-steel-grey-128-gb/p/itmf836e6de035a5?pid=MOBHERXF2RUHQMXE&lid=LSTMOBHERXF2RUHQMXERDGMNE&marketplace=FLIPKART&store=tyy%2F4io&srno=b_1_21&otracker=browse&fm=organic&iid=en_k3FpqvdqCJfzgS4I5MmKf-sa2QXq3PqhfN9rWRb2SsQJh3EdMSmq9_C2hVesZw2GrVptAy8z5DFn6N1ozH02_8srgPW5YLzJU0_H6_RHKR0%3D&ppt=None&ppn=None&ssid=02zcb8qtvk0000001759037047376
"realme 15 Pro 5G (Flowing Silver, 256 GB)","₹33,999",8 GB RAM | 256 GB ROM | 17.27 cm (6.8 inch) Display | 50MP + 50MP | 50MP Front Camera | 7000 mAh Battery | Snapdragon 7 Gen 4 Processor | 1 Year Manufacturer Warranty for Device and 6 Months Manufacturer Warranty for Inbox Accessories,https://rukminim2.flixcart.com/image/312/312/xif0q/mobile/p/4/n/-original-imahezrzhqnjdwjr.jpeg?q=70,https://www.flipkart.com/realme-15-pro-5g-flowing-silver-256-gb/p/itm216cdbf4baea0?pid=MOBHDVK2GZAGZTG2&lid=LSTMOBHDVK2GZAGZTG2KQQE1M&marketplace=FLIPKART&store=tyy%2F4io&srno=b_1_22&otracker=browse&fm=organic&iid=en_k3FpqvdqCJfzgS4I5MmKf-sa2QXq3PqhfN9rWRb2SsTnWQuYsaw8F40-nPHudafGiYsq-C3MhNNQbTgAJk9qvOI7uWi7bi3WLqk6JF-UYDE%3D&ppt=None&ppn=None&ssid=02zcb8qtvk0000001759037047376
"vivo T4 Lite 5G Charger in the Box (Titanium Gold, 256 GB)","₹12,999",8 GB RAM | 256 GB ROM | Expandable Upto 2 TB | 17.12 cm (6.74 inch) HD+ Display | 50MP + 2MP | 5MP Front Camera | 6000 mAh Battery | Dimensity 6300 5G Processor | 1 Year Manufacturer Warranty for Device and 6 Months Manufacturer Warranty for Inbox Accessories,https://rukminim2.flixcart.com/image/312/312/xif0q/mobile/6/9/t/-original-imahfkvfhpfaftmb.jpeg?q=70,https://www.flipkart.com/vivo-t4-lite-5g-charger-box-titanium-gold-256-gb/p/itm9886d6e522c4b?pid=MOBHDY9FNTHSYQCV&lid=LSTMOBHDY9FNTHSYQCVKD0GFP&marketplace=FLIPKART&store=tyy%2F4io&srno=b_1_23&otracker=browse&fm=organic&iid=7974db70-251e-400e-9c5a-9bb0661766a0.MOBHDY9FNTHSYQCV.SEARCH&ppt=None&ppn=None&ssid=02zcb8qtvk0000001759037047376
"MOTOROLA g35 5G (Midnight Black, 128 GB)","₹8,999",4 GB RAM | 128 GB ROM | Expandable Upto 1 TB | 17.07 cm (6.72 inch) Full HD+ Display | 50MP + 8MP | 16MP Front Camera | 5000 mAh Battery | T760 Processor | 12 5G Bands with VoNR|4K Video Recording|Vision Booster Technology | 1 Year on Handset and 6 Months on Accessories,https://rukminim2.flixcart.com/image/312/312/xif0q/mobile/z/q/m/g35-5g-pb3h0000in-motorola-original-imah7c6ykgz5rtgv.jpeg?q=70,https://www.flipkart.com/motorola-g35-5g-midnight-black-128-gb/p/itm015cbd184b0eb?pid=MOBH3YGPTSA4SZQF&lid=LSTMOBH3YGPTSA4SZQFXN9C1T&marketplace=FLIPKART&store=tyy%2F4io&srno=b_1_24&otracker=browse&fm=organic&iid=7974db70-251e-400e-9c5a-9bb0661766a0.MOBH3YGPTSA4SZQF.SEARCH&ppt=None&ppn=None&ssid=02zcb8qtvk0000001759037047376
"REDMI Note 14 SE 5G (Crimson Art, 128 GB)","₹12,999",6 GB RAM | 128 GB ROM | 16.94 cm (6.67 inch) Full HD+ Display | 50MP + 8MP + 2MP | 20MP Front Camera | 5110 mAh Battery | Dimensity 7025 Ultra Processor | 1 Year Warranty on the Handset and 6 Months Warranty on the Inbox Accessories,https://rukminim2.flixcart.com/image/312/312/xif0q/mobile/z/t/l/-original-imahg2z9zy2ea2py.jpeg?q=70,https://www.flipkart.com/redmi-note-14-se-5g-crimson-art-128-gb/p/itm10fbd7f3a50f1?pid=MOBHE48SXCFFFTTT&lid=LSTMOBHE48SXCFFFTTTDUVPWS&marketplace=FLIPKART&store=tyy%2F4io&srno=b_2_25&otracker=browse&fm=organic&iid=en_k-TVRvqhFLOYhfR8C13ZlM4B54-92vpQHrw80A0w_Pyd8wnIrU9KdGDy0NI--JdOKUze0Br_1Pdd5Of55oQWDfUFjCTyOHoHZs-Z5_PS_w0%3D&ppt=None&ppn=None&ssid=xe7vik1mf40000001759037056426
"Samsung Galaxy S24 FE 5G (Mint, 256 GB)","₹33,999",8 GB RAM | 256 GB ROM | 17.02 cm (6.7 inch) Full HD+ Display | 50MP + 12MP | 10MP Front Camera | 4700 mAh Battery | Exynos 2400e Processor | 1 Year Manufacturer Warranty for Device and 6 Months for In-Box Accessories,https://rukminim2.flixcart.com/image/312/312/xif0q/mobile/4/p/o/-original-imahfw4aasyhherc.jpeg?q=70,https://www.flipkart.com/samsung-galaxy-s24-fe-5g-mint-256-gb/p/itme960199e26f23?pid=MOBH4ZG3JACNJMZC&lid=LSTMOBH4ZG3JACNJMZCFREL85&marketplace=FLIPKART&store=tyy%2F4io&srno=b_2_26&otracker=browse&fm=organic&iid=307706da-37af-4875-8335-eba674de6ec0.MOBH4ZG3JACNJMZC.SEARCH&ppt=None&ppn=None&ssid=xe7vik1mf40000001759037056426
"Samsung Galaxy S24 FE 5G (Blue, 128 GB)","₹29,999",8 GB RAM | 128 GB ROM | 17.02 cm (6.7 inch) Full HD+ Display | 50MP + 12MP | 10MP Front Camera | 4700 mAh Battery | Exynos 2400e Processor | 1 Year Manufacturer Warranty for Device and 6 Months for In-Box Accessories,https://rukminim2.flixcart.com/image/312/312/xif0q/mobile/u/r/t/-original-imahfw4ahyk6qfxe.jpeg?q=70,https://www.flipkart.com/samsung-galaxy-s24-fe-5g-blue-128-gb/p/itme960199e26f23?pid=MOBH4ZG3Z5NCBW2H&lid=LSTMOBH4ZG3Z5NCBW2HHP3FVG&marketplace=FLIPKART&store=tyy%2F4io&srno=b_2_27&otracker=browse&fm=organic&iid=en_k-TVRvqhFLOYhfR8C13ZlM4B54-92vpQHrw80A0w_PxrrJOM07GIowqmGzpnPQZrVmv_I2yj4_9LNXSc__YW5w%3D%3D&ppt=None&ppn=None&ssid=xe7vik1mf40000001759037056426
"Samsung Galaxy F06 5G (Lit Violet, 128 GB)","₹7,999",4 GB RAM | 128 GB ROM | Expandable Upto 1500 GB | 17.02 cm (6.7 inch) HD+ Display | 50MP + 2MP | 8MP Front Camera | 5000 mAh Battery | Dimensity 6300 Processor | 1 Year Manufacturer Warranty for Device and 6 Months for In-Box Accessories,https://rukminim2.flixcart.com/image/312/312/xif0q/mobile/i/q/r/-original-imahfvrmzd46wgw5.jpeg?q=70,https://www.flipkart.com/samsung-galaxy-f06-5g-lit-violet-128-gb/p/itm140da3412b73b?pid=MOBH9AS4FA5RUHSY&lid=LSTMOBH9AS4FA5RUHSYIYVIFO&marketplace=FLIPKART&store=tyy%2F4io&srno=b_2_28&otracker=browse&fm=organic&iid=en_k-TVRvqhFLOYhfR8C13ZlM4B54-92vpQHrw80A0w_PykkgBF_Z0UqbsAdRYtYAm-AwlgPoN6OBZ0SVGOf-IJ4fUFjCTyOHoHZs-Z5_PS_w0%3D&ppt=None&ppn=None&ssid=xe7vik1mf40000001759037056426
"MOTOROLA Edge 60 Fusion 5G (PANTONE Zephyr, 256 GB)","₹20,999",8 GB RAM | 256 GB ROM | Expandable Upto 1 TB | 16.94 cm (6.67 inch) Display | 50MP + 13MP | 32MP Front Camera | 5500 mAh Battery | Dimensity 7400 Processor | 68W Charger | 1 Year Warranty on Handset and 6 Months Warranty on Accessories,https://rukminim2.flixcart.com/image/312/312/xif0q/mobile/q/b/p/-original-imahbfmd2fapmg5r.jpeg?q=70,https://www.flipkart.com/motorola-edge-60-fusion-5g-pantone-zephyr-256-gb/p/itmc9dbbd784b6bc?pid=MOBH9ARFURQ8U2ZF&lid=LSTMOBH9ARFURQ8U2ZF2HUBRS&marketplace=FLIPKART&store=tyy%2F4io&srno=b_2_29&otracker=browse&fm=organic&iid=307706da-37af-4875-8335-eba674de6ec0.MOBH9ARFURQ8U2ZF.SEARCH&ppt=None&ppn=None&ssid=xe7vik1mf40000001759037056426
"vivo T4R 5G (Arctic White, 256 GB)","₹21,499",8 GB RAM | 256 GB ROM | 17.2 cm (6.77 inch) Display | 50MP (OIS) + 2MP | 32MP Front Camera | 5700 mAh Battery | Dimensity 7400 5G Processor | 1 Year Manufacturer Warranty for Device and 6 Months Manufacturer Warranty for Inbox Accessories,https://rukminim2.flixcart.com/image/312/312/xif0q/mobile/m/q/3/-original-imahfkvfzynqjjwz.jpeg?q=70,https://www.flipkart.com/vivo-t4r-5g-arctic-white-256-gb/p/itm3a5653667cb9c?pid=MOBHE49GQCP7KTCM&lid=LSTMOBHE49GQCP7KTCMNTPYOP&marketplace=FLIPKART&store=tyy%2F4io&srno=b_2_30&otracker=browse&fm=organic&iid=307706da-37af-4875-8335-eba674de6ec0.MOBHE49GQCP7KTCM.SEARCH&ppt=None&ppn=None&ssid=xe7vik1mf40000001759037056426
"realme 15 Pro 5G (Flowing Silver, 256 GB)","₹33,999",8 GB RAM | 256 GB ROM | 17.27 cm (6.8 inch) Display | 50MP + 50MP | 50MP Front Camera | 7000 mAh Battery | Snapdragon 7 Gen 4 Processor | 1 Year Manufacturer Warranty for Device and 6 Months Manufacturer Warranty for Inbox Accessories,https://rukminim2.flixcart.com/image/312/312/xif0q/mobile/p/4/n/-original-imahezrzhqnjdwjr.jpeg?q=70,https://www.flipkart.com/realme-15-pro-5g-flowing-silver-256-gb/p/itm216cdbf4baea0?pid=MOBHDVK2GZAGZTG2&lid=LSTMOBHDVK2GZAGZTG2KQQE1M&marketplace=FLIPKART&store=tyy%2F4io&srno=b_2_31&otracker=browse&fm=organic&iid=en_k-TVRvqhFLOYhfR8C13ZlM4B54-92vpQHrw80A0w_Py5gyiYDwUxyp-WdZt78yzUPd1PexpuYAX6Nq0-MzS7vQ%3D%3D&ppt=None&ppn=None&ssid=xe7vik1mf40000001759037056426
"Samsung Galaxy S24 5G Snapdragon (Marble Gray, 128 GB)","₹39,999",8 GB RAM | 128 GB ROM | 15.75 cm (6.2 inch) Full HD+ Display | 50MP + 12MP | 12MP Front Camera | 4000 mAh Battery | 8 Gen 3 Processor | 1 Year Manufacturer Warranty for Device and 6 Months for In-Box Accessories,https://rukminim2.flixcart.com/image/312/312/xif0q/mobile/i/b/d/-original-imahfz2tuqdczpfg.jpeg?q=70,https://www.flipkart.com/samsung-galaxy-s24-5g-snapdragon-marble-gray-128-gb/p/itm8f6413060b707?pid=MOBHDVFKCP3DZG4G&lid=LSTMOBHDVFKCP3DZG4GNMA6GO&marketplace=FLIPKART&store=tyy%2F4io&srno=b_2_32&otracker=browse&fm=organic&iid=en_k-TVRvqhFLOYhfR8C13ZlM4B54-92vpQHrw80A0w_PyZUzIVQ2wkpJq94cpYTlrHF23CN-_ekevMiMZFtLxv3_UFjCTyOHoHZs-Z5_PS_w0%3D&ppt=None&ppn=None&ssid=xe7vik1mf40000001759037056426
"Samsung Galaxy S24 FE 5G (Graphite, 256 GB)","₹33,999",8 GB RAM | 256 GB ROM | 17.02 cm (6.7 inch) Full HD+ Display | 50MP + 12MP | 10MP Front Camera | 4700 mAh Battery | Exynos 2400e Processor | 1 Year Manufacturer Warranty for Device and 6 Months for In-Box Accessories,https://rukminim2.flixcart.com/image/312/312/xif0q/mobile/g/d/g/-original-imahfw4ahckefvxe.jpeg?q=70,https://www.flipkart.com/samsung-galaxy-s24-fe-5g-graphite-256-gb/p/itme960199e26f23?pid=MOBH4ZG3KPRR7HWZ&lid=LSTMOBH4ZG3KPRR7HWZWYHPPG&marketplace=FLIPKART&store=tyy%2F4io&srno=b_2_33&otracker=browse&fm=organic&iid=307706da-37af-4875-8335-eba674de6ec0.MOBH4ZG3KPRR7HWZ.SEARCH&ppt=None&ppn=None&ssid=xe7vik1mf40000001759037056426
"vivo T4R 5G (Arctic White, 128 GB)","₹19,499",8 GB RAM | 128 GB ROM | 17.2 cm (6.77 inch) Display | 50MP (OIS) + 2MP | 32MP Front Camera | 5700 mAh Battery | Dimensity 7400 5G Processor | 1 Year Manufacturer Warranty for Device and 6 Months Manufacturer Warranty for Inbox Accessories,https://rukminim2.flixcart.com/image/312/312/xif0q/mobile/m/q/3/-original-imahfkvfzynqjjwz.jpeg?q=70,https://www.flipkart.com/vivo-t4r-5g-arctic-white-128-gb/p/itm3a5653667cb9c?pid=MOBHE49GDEHE3XZD&lid=LSTMOBHE49GDEHE3XZDXHWSUS&marketplace=FLIPKART&store=tyy%2F4io&srno=b_2_34&otracker=browse&fm=organic&iid=307706da-37af-4875-8335-eba674de6ec0.MOBHE49GDEHE3XZD.SEARCH&ppt=None&ppn=None&ssid=xe7vik1mf40000001759037056426
"realme P3x 5G (Midnight Blue, 128 GB)","₹10,999",6 GB RAM | 128 GB ROM | 17.07 cm (6.72 inch) Full HD Display | 50MP Rear Camera | 8MP Front Camera | 6000 mAh Battery | Dimensity 6400 Processor | 1 Year Manufacturer Warranty for Device and 6 Months Manufacturer Warranty for Inbox Accessories,https://rukminim2.flixcart.com/image/312/312/xif0q/mobile/j/n/1/-original-imah9gtmya9qhqse.jpeg?q=70,https://www.flipkart.com/realme-p3x-5g-midnight-blue-128-gb/p/itmab5a4b09b6ccc?pid=MOBH8VGV88UADK2Z&lid=LSTMOBH8VGV88UADK2ZH101KQ&marketplace=FLIPKART&store=tyy%2F4io&srno=b_2_35&otracker=browse&fm=organic&iid=en_k-TVRvqhFLOYhfR8C13ZlM4B54-92vpQHrw80A0w_PwL2d7tAdOyv9AWAp163Z8WBuEbbOiWLHB0hlut2nBKFvUFjCTyOHoHZs-Z5_PS_w0%3D&ppt=None&ppn=None&ssid=xe7vik1mf40000001759037056426
"Motorola g45 5G (Brilliant Green, 128 GB)","₹11,999",8 GB RAM | 128 GB ROM | Expandable Upto 1 TB | 16.51 cm (6.5 inch) HD+ Display | 50MP + 2MP | 16MP Front Camera | 5000 mAh Battery | Snapdragon 6s Gen 3 Processor | 1 Year Warranty on Handset and 6 Months Warranty on Accessories,https://rukminim2.flixcart.com/image/312/312/xif0q/mobile/b/y/x/-original-imah3xk8crpgrg9y.jpeg?q=70,https://www.flipkart.com/motorola-g45-5g-brilliant-green-128-gb/p/itm4f3bbebe58a57?pid=MOBH3YKQQN3S9TQQ&lid=LSTMOBH3YKQQN3S9TQQIXCQDO&marketplace=FLIPKART&store=tyy%2F4io&srno=b_2_36&otracker=browse&fm=organic&iid=307706da-37af-4875-8335-eba674de6ec0.MOBH3YKQQN3S9TQQ.SEARCH&ppt=None&ppn=None&ssid=xe7vik1mf40000001759037056426
"REDMI Note 14 SE 5G (Mystique White, 128 GB)","₹12,999",6 GB RAM | 128 GB ROM | 16.94 cm (6.67 inch) Full HD+ Display | 50MP + 8MP + 2MP | 20MP Front Camera | 5110 mAh Battery | Dimensity 7025 Ultra Processor | 1 Year Warranty on the Handset and 6 Months Warranty on the Inbox Accessories,https://rukminim2.flixcart.com/image/312/312/xif0q/mobile/x/j/s/-original-imahg2z9zcwf6yyy.jpeg?q=70,https://www.flipkart.com/redmi-note-14-se-5g-mystique-white-128-gb/p/itm3ac3f82a0d665?pid=MOBHE48SHGAUHGTC&lid=LSTMOBHE48SHGAUHGTCENTOS8&marketplace=FLIPKART&store=tyy%2F4io&srno=b_2_37&otracker=browse&fm=organic&iid=en_k-TVRvqhFLOYhfR8C13ZlM4B54-92vpQHrw80A0w_PyDIKpD2EauGM7_G4b5Wlm3ttwCwoKMya9meO8noK2PWw%3D%3D&ppt=None&ppn=None&ssid=xe7vik1mf40000001759037056426
"Samsung Galaxy F36 5G (Violet, 128 GB)","₹13,999",6 GB RAM | 128 GB ROM | Expandable Upto 2 TB | 17.02 cm (6.7 inch) Full HD+ Display | 50MP + 8MP + 2MP | 13MP Front Camera | 5000 mAh Battery | Samsung Exynos 1380 Processor | 1 Year Manufacturer Warranty for Device and 6 Months for In-Box Accessories,https://rukminim2.flixcart.com/image/312/312/xif0q/mobile/c/w/g/-original-imahgynnesp6jrxa.jpeg?q=70,https://www.flipkart.com/samsung-galaxy-f36-5g-violet-128-gb/p/itm85ca200fd55e9?pid=MOBHDFVTH22ZAZXZ&lid=LSTMOBHDFVTH22ZAZXZMFVJDX&marketplace=FLIPKART&store=tyy%2F4io&srno=b_2_38&otracker=browse&fm=organic&iid=en_k-TVRvqhFLOYhfR8C13ZlM4B54-92vpQHrw80A0w_PxiWU-YoJy162Y-j4Q3GpTLyqZCZK_cIICHWgUhY7CT7PUFjCTyOHoHZs-Z5_PS_w0%3D&ppt=None&ppn=None&ssid=xe7vik1mf40000001759037056426
"Samsung Galaxy F05 (Twilight Blue, 64 GB)","₹6,249",4 GB RAM | 64 GB ROM | Expandable Upto 1 TB | 17.12 cm (6.74 inch) HD+ Display | 50MP + 2MP | 8MP Front Camera | 5000 mAh Battery | Helio G85 Processor | 1 Year Manufacturer Warranty for Device and 6 Months for In-Box Accessories,https://rukminim2.flixcart.com/image/312/312/xif0q/mobile/e/r/f/-original-imah56hkgehywn5b.jpeg?q=70,https://www.flipkart.com/samsung-galaxy-f05-twilight-blue-64-gb/p/itm84a914081ab93?pid=MOBH4GTXZ9ZRQ3SU&lid=LSTMOBH4GTXZ9ZRQ3SUXCBGGE&marketplace=FLIPKART&store=tyy%2F4io&srno=b_2_39&otracker=browse&fm=organic&iid=307706da-37af-4875-8335-eba674de6ec0.MOBH4GTXZ9ZRQ3SU.SEARCH&ppt=None&ppn=None&ssid=xe7vik1mf40000001759037056426
"MOTOROLA Edge 60 Pro (Pantone Shadow, 256 GB)","₹26,999",8 GB RAM | 256 GB ROM | 17.02 cm (6.7 inch) Display | 50MP + 50MP + 10MP | 50MP Front Camera | 6000 mAh Battery | Dimensity 8350 Processor | 1 Year Warranty on Handset and 6 Months Warranty on Accessories,https://rukminim2.flixcart.com/image/312/312/xif0q/mobile/y/m/c/-original-imahfvpcgfvzgaz5.jpeg?q=70,https://www.flipkart.com/motorola-edge-60-pro-pantone-shadow-256-gb/p/itm3823c3f8f3cc9?pid=MOBH9C9JEHCZYHF2&lid=LSTMOBH9C9JEHCZYHF2YESB5E&marketplace=FLIPKART&store=tyy%2F4io&srno=b_2_40&otracker=browse&fm=organic&iid=307706da-37af-4875-8335-eba674de6ec0.MOBH9C9JEHCZYHF2.SEARCH&ppt=None&ppn=None&ssid=xe7vik1mf40000001759037056426
"realme P4 5G (Steel Grey, 128 GB)","₹16,999",6 GB RAM | 128 GB ROM | 17.2 cm (6.77 inch) Display | 50MP + 8MP | 16MP Front Camera | 7000 mAh Battery | Mediatek Dimensity 7400 Processor | 1 Year Manufacturer Warranty for Device and 6 Months Manufacturer Warranty for Inbox Accessories,https://rukminim2.flixcart.com/image/312/312/xif0q/mobile/2/m/d/-original-imahf47f6fgxwh9a.jpeg?q=70,https://www.flipkart.com/realme-p4-5g-steel-grey-128-gb/p/itmf836e6de035a5?pid=MOBHERXF2RUHQMXE&lid=LSTMOBHERXF2RUHQMXERDGMNE&marketplace=FLIPKART&store=tyy%2F4io&srno=b_2_41&otracker=browse&fm=organic&iid=en_k-TVRvqhFLOYhfR8C13ZlM4B54-92vpQHrw80A0w_PxdS77Xnq6c9BXyUS9QhPhilN40NGbo6wPZFjUV-cma0vUFjCTyOHoHZs-Z5_PS_w0%3D&ppt=None&ppn=None&ssid=xe7vik1mf40000001759037056426
"realme 15 5G (Flowing Silver, 128 GB)","₹25,999",8 GB RAM | 128 GB ROM | 17.27 cm (6.8 inch) Display | 50MP + 8MP | 50MP Front Camera | 7000 mAh Battery | Mediatek Dimensity 7300+ 5G Processor | 1 Year Manufacturer Warranty for Device and 6 Months Manufacturer Warranty for Inbox Accessories,https://rukminim2.flixcart.com/image/312/312/xif0q/mobile/m/g/k/-original-imahekyxwdxefxae.jpeg?q=70,https://www.flipkart.com/realme-15-5g-flowing-silver-128-gb/p/itme9581fbd0e97a?pid=MOBHDUKFNGK33R2M&lid=LSTMOBHDUKFNGK33R2M8YALEU&marketplace=FLIPKART&store=tyy%2F4io&srno=b_2_42&otracker=browse&fm=organic&iid=en_k-TVRvqhFLOYhfR8C13ZlM4B54-92vpQHrw80A0w_PwFL9_d0TAX4Q-ZgSw46u-5tqXcYICj7v68dXm1gCYru4E8waCTrWcncKeK_ydPfoM%3D&ppt=None&ppn=None&ssid=xe7vik1mf40000001759037056426
"Google Pixel 8a (Bay, 128 GB)","₹29,999",8 GB RAM | 128 GB ROM | 15.49 cm (6.1 inch) Full HD+ Display | 64MP + 13MP | 13MP Front Camera | 4404 mAh Battery | Tensor G3 Processor | 1 Year Domestic Warranty,https://rukminim2.flixcart.com/image/312/312/xif0q/mobile/f/h/n/pixel-8a-ga05570-in-google-original-imahyn3ncc6gcfnc.jpeg?q=70,https://www.flipkart.com/google-pixel-8a-bay-128-gb/p/itm6d2e15988f2c4?pid=MOBGYQ2MQYHU59Y2&lid=LSTMOBGYQ2MQYHU59Y2IR0ZZ0&marketplace=FLIPKART&store=tyy%2F4io&srno=b_2_43&otracker=browse&fm=organic&iid=307706da-37af-4875-8335-eba674de6ec0.MOBGYQ2MQYHU59Y2.SEARCH&ppt=None&ppn=None&ssid=xe7vik1mf40000001759037056426
"Samsung Galaxy S24 FE 5G (Graphite, 128 GB)","₹29,999",8 GB RAM | 128 GB ROM | 17.02 cm (6.7 inch) Full HD+ Display | 50MP + 12MP | 10MP Front Camera | 4700 mAh Battery | Exynos 2400e Processor | 1 Year Manufacturer Warranty for Device and 6 Months for In-Box Accessories,https://rukminim2.flixcart.com/image/312/312/xif0q/mobile/g/d/g/-original-imahfw4ahckefvxe.jpeg?q=70,https://www.flipkart.com/samsung-galaxy-s24-fe-5g-graphite-128-gb/p/itme960199e26f23?pid=MOBH4ZG33EBNZKS7&lid=LSTMOBH4ZG33EBNZKS751CITE&marketplace=FLIPKART&store=tyy%2F4io&spotlightTagId=default_BestsellerId_tyy%2F4io&srno=b_2_44&otracker=browse&fm=organic&iid=307706da-37af-4875-8335-eba674de6ec0.MOBH4ZG33EBNZKS7.SEARCH&ppt=None&ppn=None&ssid=xe7vik1mf40000001759037056426
"Samsung Galaxy F06 5G (Lit Violet, 64 GB)","₹7,499",4 GB RAM | 64 GB ROM | Expandable Upto 1500 GB | 17.02 cm (6.7 inch) HD+ Display | 50MP + 2MP | 8MP Front Camera | 5000 mAh Battery | Dimensity 6300 Processor | 1 Year Manufacturer Warranty for Device and 6 Months for In-Box Accessories,https://rukminim2.flixcart.com/image/312/312/xif0q/mobile/i/q/r/-original-imahfvrmzd46wgw5.jpeg?q=70,https://www.flipkart.com/samsung-galaxy-f06-5g-lit-violet-64-gb/p/itm1390a80a68073?pid=MOBHBF5JG3BPANSG&lid=LSTMOBHBF5JG3BPANSGWYWEPP&marketplace=FLIPKART&store=tyy%2F4io&srno=b_2_45&otracker=browse&fm=organic&iid=en_k-TVRvqhFLOYhfR8C13ZlM4B54-92vpQHrw80A0w_PweyW4ejkN6DmVedmb0gLLhzwGPshWEJz-p7GF3g9_JPg891ypMzu4_aryI8_sihJ8%3D&ppt=None&ppn=None&ssid=xe7vik1mf40000001759037056426
"Samsung Galaxy S24 FE 5G (Mint, 128 GB)","₹29,999",8 GB RAM | 128 GB ROM | 17.02 cm (6.7 inch) Full HD+ Display | 50MP + 12MP | 10MP Front Camera | 4700 mAh Battery | Exynos 2400e Processor | 1 Year Manufacturer Warranty for Device and 6 Months for In-Box Accessories,https://rukminim2.flixcart.com/image/312/312/xif0q/mobile/4/p/o/-original-imahfw4aasyhherc.jpeg?q=70,https://www.flipkart.com/samsung-galaxy-s24-fe-5g-mint-128-gb/p/itme960199e26f23?pid=MOBH4ZG3TSXHKXH2&lid=LSTMOBH4ZG3TSXHKXH2BH0BQS&marketplace=FLIPKART&store=tyy%2F4io&srno=b_2_46&otracker=browse&fm=organic&iid=307706da-37af-4875-8335-eba674de6ec0.MOBH4ZG3TSXHKXH2.SEARCH&ppt=None&ppn=None&ssid=xe7vik1mf40000001759037056426
"Samsung Galaxy A35 5G (Awesome Lilac, 128 GB)","₹17,999",8 GB RAM | 128 GB ROM | Expandable Upto 1 TB | 16.76 cm (6.6 inch) Full HD+ Display | 50MP + 8MP + 5MP | 13MP Front Camera | 5000 mAh Battery | Samsung Exynos 1380 Processor | 1 Year Manufacturer Warranty for Device and 6 Months for In-Box Accessories,https://rukminim2.flixcart.com/image/312/312/xif0q/mobile/2/s/8/-original-imahgy26fu3z2hez.jpeg?q=70,https://www.flipkart.com/samsung-galaxy-a35-5g-awesome-lilac-128-gb/p/itm5a31476ca6a35?pid=MOBGYT2HDZYASSZG&lid=LSTMOBGYT2HDZYASSZGOUJTDB&marketplace=FLIPKART&store=tyy%2F4io&srno=b_2_47&otracker=browse&fm=organic&iid=en_k-TVRvqhFLOYhfR8C13ZlM4B54-92vpQHrw80A0w_Py6DTo-GwvX8YEcbd9VXLcWef-CWu1qvbb-JO1JjIh-wBhTy0lUJ14SzoMSv_CzLF0%3D&ppt=None&ppn=None&ssid=xe7vik1mf40000001759037056426
"OPPO Reno14 5G (Diwali Gold Edition, 256 GB)","₹39,999",8 GB RAM | 256 GB ROM | 16.74 cm (6.59 inch) Display | 50MP + 8MP + 50MP | 50MP Front Camera | 6000 mAh Battery | Dimensity 8350 Processor | 1 Year Manufacturer Warranty for Device and 6 Months Manufacturer Warranty for Inbox Accessories,https://rukminim2.flixcart.com/image/312/312/xif0q/mobile/q/o/e/-original-imahg3zj7eqrvehz.jpeg?q=70,https://www.flipkart.com/oppo-reno14-5g-diwali-gold-edition-256-gb/p/itm4d9e853eee6cf?pid=MOBHG3Z4XMFKN6VV&lid=LSTMOBHG3Z4XMFKN6VVVLOF4D&marketplace=FLIPKART&store=tyy%2F4io&srno=b_2_48&otracker=browse&fm=organic&iid=en_k-TVRvqhFLOYhfR8C13ZlM4B54-92vpQHrw80A0w_Pw8laEZqgX4V3vVHRbTDSQvSo69VG7dw9XL2kWrB-8dKn3Gaq_wzx4HJysDmGalzMk%3D&ppt=None&ppn=None&ssid=xe7vik1mf40000001759037056426
"Apple iPhone 16 Pro Max (Black Titanium, 256 GB)","₹1,34,999","256 GB ROM | 17.53 cm (6.9 inch) Super Retina XDR Display | 48MP + 48MP + 12MP | 12MP Front Camera | A18 Pro Chip, 6 Core Processor Processor | 1 year warranty for phone and 1 year warranty for in Box Accessories.",https://rukminim2.flixcart.com/image/312/312/xif0q/mobile/y/m/i/-original-imah4jz66pzdzy4z.jpeg?q=70,https://www.flipkart.com/apple-iphone-16-pro-max-black-titanium-256-gb/p/itm7e75db4f27bd5?pid=MOBH4DQFNXH8SZ9D&lid=LSTMOBH4DQFNXH8SZ9DUXE3QP&marketplace=FLIPKART&store=tyy%2F4io&srno=b_3_49&otracker=browse&fm=organic&iid=92c4320c-a4cd-46e5-add6-182140190dc6.MOBH4DQFNXH8SZ9D.SEARCH&ppt=None&ppn=None&ssid=2xl8dvxc800000001759037065627
"OPPO K13 5G with 7000mAh and 80W SUPERVOOC Charger In-The-Box (Prism Black, 256 GB)","₹19,999",8 GB RAM | 256 GB ROM | 16.94 cm (6.67 inch) Display | 50MP + 2MP | 16MP Front Camera | 7000 mAh Battery | Snapdragon 6 Gen 4 Processor | 80W SUPERVOOC Charger | 1 Year Warranty on the Product and 6 Months Warranty on Inbox Accessories,https://rukminim2.flixcart.com/image/312/312/xif0q/mobile/y/l/1/-original-imahbfd4cgh53kmh.jpeg?q=70,https://www.flipkart.com/oppo-k13-5g-7000mah-80w-supervooc-charger-in-the-box-prism-black-256-gb/p/itm6f2ebf6d205cf?pid=MOBHB392YSQECZJG&lid=LSTMOBHB392YSQECZJGTDQP4J&marketplace=FLIPKART&store=tyy%2F4io&srno=b_3_50&otracker=browse&fm=organic&iid=92c4320c-a4cd-46e5-add6-182140190dc6.MOBHB392YSQECZJG.SEARCH&ppt=None&ppn=None&ssid=2xl8dvxc800000001759037065627
"REDMI Note 14 SE 5G (Crimson Art, 128 GB)","₹12,999",6 GB RAM | 128 GB ROM | 16.94 cm (6.67 inch) Full HD+ Display | 50MP + 8MP + 2MP | 20MP Front Camera | 5110 mAh Battery | Dimensity 7025 Ultra Processor | 1 Year Warranty on the Handset and 6 Months Warranty on the Inbox Accessories,https://rukminim2.flixcart.com/image/312/312/xif0q/mobile/z/t/l/-original-imahg2z9zy2ea2py.jpeg?q=70,https://www.flipkart.com/redmi-note-14-se-5g-crimson-art-128-gb/p/itm10fbd7f3a50f1?pid=MOBHE48SXCFFFTTT&lid=LSTMOBHE48SXCFFFTTTDUVPWS&marketplace=FLIPKART&store=tyy%2F4io&srno=b_3_51&otracker=browse&fm=organic&iid=en_mL-_gjH4Vs_Jos8XPKPCs5GLQRp2y7Wo2z0QNxTkW6SRmdn9ZS1xuP9xoby5QS7RKUze0Br_1Pdd5Of55oQWDfUFjCTyOHoHZs-Z5_PS_w0%3D&ppt=None&ppn=None&ssid=2xl8dvxc800000001759037065627
"Samsung Galaxy S24 FE 5G (Blue, 128 GB)","₹29,999",8 GB RAM | 128 GB ROM | 17.02 cm (6.7 inch) Full HD+ Display | 50MP + 12MP | 10MP Front Camera | 4700 mAh Battery | Exynos 2400e Processor | 1 Year Manufacturer Warranty for Device and 6 Months for In-Box Accessories,https://rukminim2.flixcart.com/image/312/312/xif0q/mobile/u/r/t/-original-imahfw4ahyk6qfxe.jpeg?q=70,https://www.flipkart.com/samsung-galaxy-s24-fe-5g-blue-128-gb/p/itme960199e26f23?pid=MOBH4ZG3Z5NCBW2H&lid=LSTMOBH4ZG3Z5NCBW2HHP3FVG&marketplace=FLIPKART&store=tyy%2F4io&srno=b_3_52&otracker=browse&fm=organic&iid=en_mL-_gjH4Vs_Jos8XPKPCs5GLQRp2y7Wo2z0QNxTkW6Tm_k04i9UiTow85W-ghtlCVmv_I2yj4_9LNXSc__YW5w%3D%3D&ppt=None&ppn=None&ssid=2xl8dvxc800000001759037065627
"vivo T4R 5G (Twilight Blue, 128 GB)","₹19,499",8 GB RAM | 128 GB ROM | 17.2 cm (6.77 inch) Display | 50MP (OIS) + 2MP | 32MP Front Camera | 5700 mAh Battery | Dimensity 7400 5G Processor | 1 Year Manufacturer Warranty for Device and 6 Months Manufacturer Warranty for Inbox Accessories,https://rukminim2.flixcart.com/image/312/312/xif0q/mobile/2/3/i/-original-imahfkvffkd4qhma.jpeg?q=70,https://www.flipkart.com/vivo-t4r-5g-twilight-blue-128-gb/p/itm3a5653667cb9c?pid=MOBHE49GBV6UYFZ5&lid=LSTMOBHE49GBV6UYFZ5KZZ7IG&marketplace=FLIPKART&store=tyy%2F4io&srno=b_3_53&otracker=browse&fm=organic&iid=92c4320c-a4cd-46e5-add6-182140190dc6.MOBHE49GBV6UYFZ5.SEARCH&ppt=None&ppn=None&ssid=2xl8dvxc800000001759037065627
"realme C61 (Safari Green, 64 GB)","₹6,099",4 GB RAM | 64 GB ROM | Expandable Upto 2 TB | 17.13 cm (6.745 inch) HD+ Display | 32MP Rear Camera | 5MP Front Camera | 5000 mAh Battery | T612 Processor | 1 Year Manufacturer Warranty for Device and 6 Months Manufacturer Warranty for Inbox Accessories,https://rukminim2.flixcart.com/image/312/312/xif0q/mobile/j/e/d/c61-rmx3933-realme-original-imah28xeqdygzshc.jpeg?q=70,https://www.flipkart.com/realme-c61-safari-green-64-gb/p/itmd6ddbcefce040?pid=MOBHFRKRF6ZHBFTW&lid=LSTMOBHFRKRF6ZHBFTW09ES8B&marketplace=FLIPKART&store=tyy%2F4io&srno=b_3_54&otracker=browse&fm=organic&iid=92c4320c-a4cd-46e5-add6-182140190dc6.MOBHFRKRF6ZHBFTW.SEARCH&ppt=None&ppn=None&ssid=2xl8dvxc800000001759037065627
"Samsung Galaxy F06 5G (Lit Violet, 128 GB)","₹7,999",4 GB RAM | 128 GB ROM | Expandable Upto 1500 GB | 17.02 cm (6.7 inch) HD+ Display | 50MP + 2MP | 8MP Front Camera | 5000 mAh Battery | Dimensity 6300 Processor | 1 Year Manufacturer Warranty for Device and 6 Months for In-Box Accessories,https://rukminim2.flixcart.com/image/312/312/xif0q/mobile/i/q/r/-original-imahfvrmzd46wgw5.jpeg?q=70,https://www.flipkart.com/samsung-galaxy-f06-5g-lit-violet-128-gb/p/itm140da3412b73b?pid=MOBH9AS4FA5RUHSY&lid=LSTMOBH9AS4FA5RUHSYIYVIFO&marketplace=FLIPKART&store=tyy%2F4io&srno=b_3_55&otracker=browse&fm=organic&iid=en_mL-_gjH4Vs_Jos8XPKPCs5GLQRp2y7Wo2z0QNxTkW6RAvH_Pt41M1EcODUsYCKRdAwlgPoN6OBZ0SVGOf-IJ4fUFjCTyOHoHZs-Z5_PS_w0%3D&ppt=None&ppn=None&ssid=2xl8dvxc800000001759037065627
"vivo T4 5G (Phantom Grey, 256 GB)","₹22,999",8 GB RAM | 256 GB ROM | 17.2 cm (6.77 inch) Display | 50MP (OIS) + 2MP | 32MP Front Camera | 7300 mAh Battery | Snapdragon 7s Gen 3 5G Processor | 1 Year Warranty on the Handset and 6 Months Warranty on Inbox Accessories,https://rukminim2.flixcart.com/image/312/312/xif0q/mobile/k/t/x/-original-imahbgpzbumfzkbh.jpeg?q=70,https://www.flipkart.com/vivo-t4-5g-phantom-grey-256-gb/p/itmc2634fd4daeb9?pid=MOBHATXZGEAN2FWT&lid=LSTMOBHATXZGEAN2FWTXTUH1P&marketplace=FLIPKART&store=tyy%2F4io&srno=b_3_56&otracker=browse&fm=organic&iid=92c4320c-a4cd-46e5-add6-182140190dc6.MOBHATXZGEAN2FWT.SEARCH&ppt=None&ppn=None&ssid=2xl8dvxc800000001759037065627
"realme 15 Pro 5G (Flowing Silver, 256 GB)","₹33,999",8 GB RAM | 256 GB ROM | 17.27 cm (6.8 inch) Display | 50MP + 50MP | 50MP Front Camera | 7000 mAh Battery | Snapdragon 7 Gen 4 Processor | 1 Year Manufacturer Warranty for Device and 6 Months Manufacturer Warranty for Inbox Accessories,https://rukminim2.flixcart.com/image/312/312/xif0q/mobile/p/4/n/-original-imahezrzhqnjdwjr.jpeg?q=70,https://www.flipkart.com/realme-15-pro-5g-flowing-silver-256-gb/p/itm216cdbf4baea0?pid=MOBHDVK2GZAGZTG2&lid=LSTMOBHDVK2GZAGZTG2KQQE1M&marketplace=FLIPKART&store=tyy%2F4io&srno=b_3_57&otracker=browse&fm=organic&iid=en_mL-_gjH4Vs_Jos8XPKPCs5GLQRp2y7Wo2z0QNxTkW6Tx5RSfzOSYWNL6EaREa64SPd1PexpuYAX6Nq0-MzS7vQ%3D%3D&ppt=None&ppn=None&ssid=2xl8dvxc800000001759037065627
"Samsung Galaxy S24 5G Snapdragon (Marble Gray, 128 GB)","₹39,999",8 GB RAM | 128 GB ROM | 15.75 cm (6.2 inch) Full HD+ Display | 50MP + 12MP | 12MP Front Camera | 4000 mAh Battery | 8 Gen 3 Processor | 1 Year Manufacturer Warranty for Device and 6 Months for In-Box Accessories,https://rukminim2.flixcart.com/image/312/312/xif0q/mobile/i/b/d/-original-imahfz2tuqdczpfg.jpeg?q=70,https://www.flipkart.com/samsung-galaxy-s24-5g-snapdragon-marble-gray-128-gb/p/itm8f6413060b707?pid=MOBHDVFKCP3DZG4G&lid=LSTMOBHDVFKCP3DZG4GNMA6GO&marketplace=FLIPKART&store=tyy%2F4io&srno=b_3_58&otracker=browse&fm=organic&iid=en_mL-_gjH4Vs_Jos8XPKPCs5GLQRp2y7Wo2z0QNxTkW6TK4RAhwX-DkQOGgxvvMepQF23CN-_ekevMiMZFtLxv3_UFjCTyOHoHZs-Z5_PS_w0%3D&ppt=None&ppn=None&ssid=2xl8dvxc800000001759037065627
"OPPO K13 5G with 7000mAh and 80W SUPERVOOC Charger In-The-Box (Icy Purple, 128 GB)","₹17,999",8 GB RAM | 128 GB ROM | 16.94 cm (6.67 inch) Display | 50MP + 2MP | 16MP Front Camera | 7000 mAh Battery | Snapdragon 6 Gen 4 Processor | 80W SUPERVOOC Charger | 1 Year Warranty on the Product and 6 Months Warranty on Inbox Accessories,https://rukminim2.flixcart.com/image/312/312/xif0q/mobile/f/k/e/-original-imahbfd4zqn9zazz.jpeg?q=70,https://www.flipkart.com/oppo-k13-5g-7000mah-80w-supervooc-charger-in-the-box-icy-purple-128-gb/p/itm6f2ebf6d205cf?pid=MOBHB392H7TZ4ZKJ&lid=LSTMOBHB392H7TZ4ZKJT3QIAI&marketplace=FLIPKART&store=tyy%2F4io&srno=b_3_59&otracker=browse&fm=organic&iid=92c4320c-a4cd-46e5-add6-182140190dc6.MOBHB392H7TZ4ZKJ.SEARCH&ppt=None&ppn=None&ssid=2xl8dvxc800000001759037065627
"vivo T4 5G (Emerald Blaze, 256 GB)","₹22,999",8 GB RAM | 256 GB ROM | 17.2 cm (6.77 inch) Display | 50MP (OIS) + 2MP | 32MP Front Camera | 7300 mAh Battery | Snapdragon 7s Gen 3 5G Processor | 1 Year Warranty on the Handset and 6 Months Warranty on Inbox Accessories,https://rukminim2.flixcart.com/image/312/312/xif0q/mobile/j/f/0/-original-imahbgqyz5sqhwq9.jpeg?q=70,https://www.flipkart.com/vivo-t4-5g-emerald-blaze-256-gb/p/itmc2634fd4daeb9?pid=MOBHATXZRTQ465X9&lid=LSTMOBHATXZRTQ465X9GYZRWI&marketplace=FLIPKART&store=tyy%2F4io&srno=b_3_60&otracker=browse&fm=organic&iid=92c4320c-a4cd-46e5-add6-182140190dc6.MOBHATXZRTQ465X9.SEARCH&ppt=None&ppn=None&ssid=2xl8dvxc800000001759037065627
"realme P3x 5G (Midnight Blue, 128 GB)","₹10,999",6 GB RAM | 128 GB ROM | 17.07 cm (6.72 inch) Full HD Display | 50MP Rear Camera | 8MP Front Camera | 6000 mAh Battery | Dimensity 6400 Processor | 1 Year Manufacturer Warranty for Device and 6 Months Manufacturer Warranty for Inbox Accessories,https://rukminim2.flixcart.com/image/312/312/xif0q/mobile/j/n/1/-original-imah9gtmya9qhqse.jpeg?q=70,https://www.flipkart.com/realme-p3x-5g-midnight-blue-128-gb/p/itmab5a4b09b6ccc?pid=MOBH8VGV88UADK2Z&lid=LSTMOBH8VGV88UADK2ZH101KQ&marketplace=FLIPKART&store=tyy%2F4io&srno=b_3_61&otracker=browse&fm=organic&iid=en_mL-_gjH4Vs_Jos8XPKPCs5GLQRp2y7Wo2z0QNxTkW6SKkv8zJicVLuUT_viFj2mYfuJqlr_JvqbTXhQz6hw1QfUFjCTyOHoHZs-Z5_PS_w0%3D&ppt=None&ppn=None&ssid=2xl8dvxc800000001759037065627
"REDMI Note 14 SE 5G (Mystique White, 128 GB)","₹12,999",6 GB RAM | 128 GB ROM | 16.94 cm (6.67 inch) Full HD+ Display | 50MP + 8MP + 2MP | 20MP Front Camera | 5110 mAh Battery | Dimensity 7025 Ultra Processor | 1 Year Warranty on the Handset and 6 Months Warranty on the Inbox Accessories,https://rukminim2.flixcart.com/image/312/312/xif0q/mobile/x/j/s/-original-imahg2z9zcwf6yyy.jpeg?q=70,https://www.flipkart.com/redmi-note-14-se-5g-mystique-white-128-gb/p/itm3ac3f82a0d665?pid=MOBHE48SHGAUHGTC&lid=LSTMOBHE48SHGAUHGTCENTOS8&marketplace=FLIPKART&store=tyy%2F4io&srno=b_3_62&otracker=browse&fm=organic&iid=en_mL-_gjH4Vs_Jos8XPKPCs5GLQRp2y7Wo2z0QNxTkW6SrXMxuz438STzkxVUycypTttwCwoKMya9meO8noK2PWw%3D%3D&ppt=None&ppn=None&ssid=2xl8dvxc800000001759037065627
"vivo T4 5G (Emerald Blaze, 128 GB)","₹20,999",8 GB RAM | 128 GB ROM | 17.2 cm (6.77 inch) Display | 50MP (OIS) + 2MP | 32MP Front Camera | 7300 mAh Battery | Snapdragon 7s Gen 3 5G Processor | 1 Year Warranty on the Handset and 6 Months Warranty on Inbox Accessories,https://rukminim2.flixcart.com/image/312/312/xif0q/mobile/j/f/0/-original-imahbgqyz5sqhwq9.jpeg?q=70,https://www.flipkart.com/vivo-t4-5g-emerald-blaze-128-gb/p/itmc2634fd4daeb9?pid=MOBHATXZYSHYH6ZP&lid=LSTMOBHATXZYSHYH6ZPMNIAH0&marketplace=FLIPKART&store=tyy%2F4io&srno=b_3_63&otracker=browse&fm=organic&iid=92c4320c-a4cd-46e5-add6-182140190dc6.MOBHATXZYSHYH6ZP.SEARCH&ppt=None&ppn=None&ssid=2xl8dvxc800000001759037065627
"OPPO K13x 5G 6000mAh and 45W SUPERVOOC Charger & AI (Midnight Violet, 128 GB)","₹12,999",6 GB RAM | 128 GB ROM | Expandable Upto 2 TB | 16.94 cm (6.67 inch) HD+ Display | 50MP + 2MP | 8MP Front Camera | 6000 mAh Battery | Dimensity 6300 Processor | 1 Year Manufacturer Warranty for Device and 6 Months Manufacturer Warranty for Inbox Accessories,https://rukminim2.flixcart.com/image/312/312/xif0q/mobile/h/q/k/-original-imahfw4vamrf5xhf.jpeg?q=70,https://www.flipkart.com/oppo-k13x-5g-6000mah-45w-supervooc-charger-ai-midnight-violet-128-gb/p/itm62b2e62fbb43e?pid=MOBHDY9PPU2NRCZH&lid=LSTMOBHDY9PPU2NRCZHVD1YM4&marketplace=FLIPKART&store=tyy%2F4io&spotlightTagId=default_BestsellerId_tyy%2F4io&srno=b_3_64&otracker=browse&fm=organic&iid=92c4320c-a4cd-46e5-add6-182140190dc6.MOBHDY9PPU2NRCZH.SEARCH&ppt=None&ppn=None&ssid=2xl8dvxc800000001759037065627
"Samsung Galaxy F36 5G (Violet, 128 GB)","₹13,999",6 GB RAM | 128 GB ROM | Expandable Upto 2 TB | 17.02 cm (6.7 inch) Full HD+ Display | 50MP + 8MP + 2MP | 13MP Front Camera | 5000 mAh Battery | Samsung Exynos 1380 Processor | 1 Year Manufacturer Warranty for Device and 6 Months for In-Box Accessories,https://rukminim2.flixcart.com/image/312/312/xif0q/mobile/c/w/g/-original-imahgynnesp6jrxa.jpeg?q=70,https://www.flipkart.com/samsung-galaxy-f36-5g-violet-128-gb/p/itm85ca200fd55e9?pid=MOBHDFVTH22ZAZXZ&lid=LSTMOBHDFVTH22ZAZXZMFVJDX&marketplace=FLIPKART&store=tyy%2F4io&srno=b_3_65&otracker=browse&fm=organic&iid=en_mL-_gjH4Vs_Jos8XPKPCs5GLQRp2y7Wo2z0QNxTkW6Qe-0njkoAsweA6oYP6Msg5yqZCZK_cIICHWgUhY7CT7PUFjCTyOHoHZs-Z5_PS_w0%3D&ppt=None&ppn=None&ssid=2xl8dvxc800000001759037065627
"OPPO K13x 5G 6000mAh and 45W SUPERVOOC Charger & AI (Midnight Violet, 128 GB)","₹14,999",8 GB RAM | 128 GB ROM | Expandable Upto 2 TB | 16.94 cm (6.67 inch) HD+ Display | 50MP + 2MP | 8MP Front Camera | 6000 mAh Battery | Dimensity 6300 Processor | 1 Year Manufacturer Warranty for Device and 6 Months Manufacturer Warranty for Inbox Accessories,https://rukminim2.flixcart.com/image/312/312/xif0q/mobile/h/q/k/-original-imahfw4vamrf5xhf.jpeg?q=70,https://www.flipkart.com/oppo-k13x-5g-6000mah-45w-supervooc-charger-ai-midnight-violet-128-gb/p/itm62b2e62fbb43e?pid=MOBHDY9PMWDRYDAS&lid=LSTMOBHDY9PMWDRYDAS8RILF5&marketplace=FLIPKART&store=tyy%2F4io&srno=b_3_66&otracker=browse&fm=organic&iid=92c4320c-a4cd-46e5-add6-182140190dc6.MOBHDY9PMWDRYDAS.SEARCH&ppt=None&ppn=None&ssid=2xl8dvxc800000001759037065627
"realme P3 Pro 5G (Nebula Glow, 128 GB)","₹16,999",8 GB RAM | 128 GB ROM | 17.35 cm (6.83 inch) Display | 50MP + 2MP | 16MP Front Camera | 6000 mAh Battery | 7s Gen 3 Mobile Platform Processor | 1 Year Manufacturer Warranty for Device and 6 Months Manufacturer Warranty for Inbox Accessories,https://rukminim2.flixcart.com/image/312/312/xif0q/mobile/c/y/n/-original-imah9m58zvvd44hf.jpeg?q=70,https://www.flipkart.com/realme-p3-pro-5g-nebula-glow-128-gb/p/itme2d563c696f88?pid=MOBH8VGVKBXG2HVN&lid=LSTMOBH8VGVKBXG2HVNJTRPMS&marketplace=FLIPKART&store=tyy%2F4io&srno=b_3_67&otracker=browse&fm=organic&iid=en_mL-_gjH4Vs_Jos8XPKPCs5GLQRp2y7Wo2z0QNxTkW6RAfEhri14D3y9FmTp-Fj4kWjxGPEbB8UyfZWK-pck2bQ%3D%3D&ppt=None&ppn=None&ssid=2xl8dvxc800000001759037065627
"realme P4 5G (Steel Grey, 128 GB)","₹16,999",6 GB RAM | 128 GB ROM | 17.2 cm (6.77 inch) Display | 50MP + 8MP | 16MP Front Camera | 7000 mAh Battery | Mediatek Dimensity 7400 Processor | 1 Year Manufacturer Warranty for Device and 6 Months Manufacturer Warranty for Inbox Accessories,https://rukminim2.flixcart.com/image/312/312/xif0q/mobile/2/m/d/-original-imahf47f6fgxwh9a.jpeg?q=70,https://www.flipkart.com/realme-p4-5g-steel-grey-128-gb/p/itmf836e6de035a5?pid=MOBHERXF2RUHQMXE&lid=LSTMOBHERXF2RUHQMXERDGMNE&marketplace=FLIPKART&store=tyy%2F4io&srno=b_3_68&otracker=browse&fm=organic&iid=en_mL-_gjH4Vs_Jos8XPKPCs5GLQRp2y7Wo2z0QNxTkW6TQKxfIYiNvjNGv7YpiY52WrVptAy8z5DFn6N1ozH02_6V8WX5krIChubBlraAu4CQ%3D&ppt=None&ppn=None&ssid=2xl8dvxc800000001759037065627
"OPPO K13x 5G 6000mAh and 45W SUPERVOOC Charger & AI (Sunset Peach, 128 GB)","₹12,999",6 GB RAM | 128 GB ROM | Expandable Upto 2 TB | 16.94 cm (6.67 inch) HD+ Display | 50MP + 2MP | 8MP Front Camera | 6000 mAh Battery | Dimensity 6300 Processor | 1 Year Manufacturer Warranty for Device and 6 Months Manufacturer Warranty for Inbox Accessories,https://rukminim2.flixcart.com/image/312/312/xif0q/mobile/s/r/y/-original-imahfw4vez79uubg.jpeg?q=70,https://www.flipkart.com/oppo-k13x-5g-6000mah-45w-supervooc-charger-ai-sunset-peach-128-gb/p/itm62b2e62fbb43e?pid=MOBHDY9PVAHGDHWG&lid=LSTMOBHDY9PVAHGDHWGBSHGNL&marketplace=FLIPKART&store=tyy%2F4io&srno=b_3_69&otracker=browse&fm=organic&iid=92c4320c-a4cd-46e5-add6-182140190dc6.MOBHDY9PVAHGDHWG.SEARCH&ppt=None&ppn=None&ssid=2xl8dvxc800000001759037065627
"MOTOROLA G86 Power 5G (Pantone Spellbound, 128 GB)","₹15,999",8 GB RAM | 128 GB ROM | Expandable Upto 1 TB | 17.02 cm (6.7 inch) Super HD Display | 50MP + 8MP | 32MP Front Camera | 6720 mAh Battery | Dimensity 7400 Processor | 1 Year Warranty on Handset and 6 Months Warranty on Accessories,https://rukminim2.flixcart.com/image/312/312/xif0q/mobile/0/6/i/-original-imahehhu6cpgvneu.jpeg?q=70,https://www.flipkart.com/motorola-g86-power-5g-pantone-spellbound-128-gb/p/itm88e00feaf98b7?pid=MOBHC7FHKME4AJQC&lid=LSTMOBHC7FHKME4AJQCZZLTP8&marketplace=FLIPKART&store=tyy%2F4io&srno=b_3_70&otracker=browse&fm=organic&iid=92c4320c-a4cd-46e5-add6-182140190dc6.MOBHC7FHKME4AJQC.SEARCH&ppt=None&ppn=None&ssid=2xl8dvxc800000001759037065627
"realme 15 5G (Flowing Silver, 128 GB)","₹25,999",8 GB RAM | 128 GB ROM | 17.27 cm (6.8 inch) Display | 50MP + 8MP | 50MP Front Camera | 7000 mAh Battery | Mediatek Dimensity 7300+ 5G Processor | 1 Year Manufacturer Warranty for Device and 6 Months Manufacturer Warranty for Inbox Accessories,https://rukminim2.flixcart.com/image/312/312/xif0q/mobile/m/g/k/-original-imahekyxwdxefxae.jpeg?q=70,https://www.flipkart.com/realme-15-5g-flowing-silver-128-gb/p/itme9581fbd0e97a?pid=MOBHDUKFNGK33R2M&lid=LSTMOBHDUKFNGK33R2M8YALEU&marketplace=FLIPKART&store=tyy%2F4io&srno=b_3_71&otracker=browse&fm=organic&iid=en_mL-_gjH4Vs_Jos8XPKPCs5GLQRp2y7Wo2z0QNxTkW6SO89FvUl-F0rvwGKE5fxRjtqXcYICj7v68dXm1gCYru04IsYyWu-Pj9cxFjFAoaLk%3D&ppt=None&ppn=None&ssid=2xl8dvxc800000001759037065627
"realme P4 Pro 5G (Midnight Ivy, 128 GB)","₹22,999",8 GB RAM | 128 GB ROM | 17.27 cm (6.8 inch) Display | 50MP + 8MP | 50MP Front Camera | 7000 mAh Battery | Snapdragon 7 Gen 4 Mobile Processor | 1 Year Manufacturer Warranty for Device and 6 Months Manufacturer Warranty for Inbox Accessories,https://rukminim2.flixcart.com/image/312/312/xif0q/mobile/y/f/0/-original-imahfghxnhsjpk3a.jpeg?q=70,https://www.flipkart.com/realme-p4-pro-5g-midnight-ivy-128-gb/p/itme41a54752cc21?pid=MOBHERXKXPYUPFQG&lid=LSTMOBHERXKXPYUPFQGNBXMDH&marketplace=FLIPKART&store=tyy%2F4io&srno=b_3_72&otracker=browse&fm=organic&iid=en_mL-_gjH4Vs_Jos8XPKPCs5GLQRp2y7Wo2z0QNxTkW6QPu9IFhI0dXUYbZDG1_GFzxkd5fYwdncMTrrmE4peqM4QEIsITtCzc4bHaOMTqL08%3D&ppt=None&ppn=None&ssid=2xl8dvxc800000001759037065627
"realme P3x 5G (Lunar Silver, 128 GB)","₹10,999",6 GB RAM | 128 GB ROM | 17.07 cm (6.72 inch) Full HD Display | 50MP Rear Camera | 8MP Front Camera | 6000 mAh Battery | Dimensity 6400 Processor | 1 Year Manufacturer Warranty for Device and 6 Months Manufacturer Warranty for Inbox Accessories,https://rukminim2.flixcart.com/image/312/312/xif0q/mobile/h/c/4/-original-imah9gtmjhh9eb8k.jpeg?q=70,https://www.flipkart.com/realme-p3x-5g-lunar-silver-128-gb/p/itmab5a4b09b6ccc?pid=MOBH8VGVHUHDG6FG&lid=LSTMOBH8VGVHUHDG6FGI9LMXH&marketplace=FLIPKART&store=tyy%2F4io&srno=b_4_73&otracker=browse&fm=organic&iid=d2f0788d-399f-4197-8e2f-a0c1d2e17f13.MOBH8VGVHUHDG6FG.SEARCH&ppt=None&ppn=None&ssid=3617lv7jz40000001759037074804
"vivo T4x 5G (Glacial Teal, 128 GB)","₹14,499",8 GB RAM | 128 GB ROM | 17.07 cm (6.72 inch) Display | 50MP + 2MP | 8MP Front Camera | 6500 mAh Battery | Dimensity 7300 5G Processor | 1 Year Warranty for Device and 6 Months Warranty for Accessories,https://rukminim2.flixcart.com/image/312/312/xif0q/mobile/n/k/r/-original-imahfhudssrdghcz.jpeg?q=70,https://www.flipkart.com/vivo-t4x-5g-glacial-teal-128-gb/p/itm017656bdd097b?pid=MOBHFEWDW4XHPCHC&lid=LSTMOBHFEWDW4XHPCHCKMGWKS&marketplace=FLIPKART&store=tyy%2F4io&srno=b_4_74&otracker=browse&fm=organic&iid=d2f0788d-399f-4197-8e2f-a0c1d2e17f13.MOBHFEWDW4XHPCHC.SEARCH&ppt=None&ppn=None&ssid=3617lv7jz40000001759037074804
"realme P4 Pro 5G (Dark Oak Wood, 256 GB)","₹24,999",8 GB RAM | 256 GB ROM | 17.27 cm (6.8 inch) Display | 50MP + 8MP | 50MP Front Camera | 7000 mAh Battery | Snapdragon 7 Gen 4 Mobile Processor | 1 Year Manufacturer Warranty for Device and 6 Months Manufacturer Warranty for Inbox Accessories,https://rukminim2.flixcart.com/image/312/312/xif0q/mobile/d/r/t/-original-imahfghxst733zhf.jpeg?q=70,https://www.flipkart.com/realme-p4-pro-5g-dark-oak-wood-256-gb/p/itme41a54752cc21?pid=MOBHERXKCPGRQCYZ&lid=LSTMOBHERXKCPGRQCYZ6NGCTY&marketplace=FLIPKART&store=tyy%2F4io&srno=b_4_75&otracker=browse&fm=organic&iid=d2f0788d-399f-4197-8e2f-a0c1d2e17f13.MOBHERXKCPGRQCYZ.SEARCH&ppt=None&ppn=None&ssid=3617lv7jz40000001759037074804
"Google Pixel 9 (Obsidian, 256 GB)","₹79,999",12 GB RAM | 256 GB ROM | 16.0 cm (6.3 inch) Display | 50MP + 48MP | 10.5MP Front Camera | 4700 mAh Battery | Google Tensor G4 Processor | 1 Year Domestic Warranty,https://rukminim2.flixcart.com/image/312/312/xif0q/mobile/b/p/t/-original-imahegqhrtpsz7sd.jpeg?q=70,https://www.flipkart.com/google-pixel-9-obsidian-256-gb/p/itm330ed8ebeefe1?pid=MOBH2HJGP3FGTECW&lid=LSTMOBH2HJGP3FGTECWIRLKP1&marketplace=FLIPKART&store=tyy%2F4io&srno=b_4_76&otracker=browse&fm=organic&iid=d2f0788d-399f-4197-8e2f-a0c1d2e17f13.MOBH2HJGP3FGTECW.SEARCH&ppt=None&ppn=None&ssid=3617lv7jz40000001759037074804
"OPPO K13x 5G 6000mAh and 45W SUPERVOOC Charger & AI (Midnight Violet, 128 GB)","₹11,999",4 GB RAM | 128 GB ROM | Expandable Upto 2 TB | 16.94 cm (6.67 inch) HD+ Display | 50MP + 2MP | 8MP Front Camera | 6000 mAh Battery | Dimensity 6300 Processor | 1 Year Manufacturer Warranty for Device and 6 Months Manufacturer Warranty for Inbox Accessories,https://rukminim2.flixcart.com/image/312/312/xif0q/mobile/h/q/k/-original-imahfw4vamrf5xhf.jpeg?q=70,https://www.flipkart.com/oppo-k13x-5g-6000mah-45w-supervooc-charger-ai-midnight-violet-128-gb/p/itm62b2e62fbb43e?pid=MOBHDY9P4XGWMRHM&lid=LSTMOBHDY9P4XGWMRHMJEHFNR&marketplace=FLIPKART&store=tyy%2F4io&srno=b_4_77&otracker=browse&fm=organic&iid=d2f0788d-399f-4197-8e2f-a0c1d2e17f13.MOBHDY9P4XGWMRHM.SEARCH&ppt=None&ppn=None&ssid=3617lv7jz40000001759037074804
"Samsung Galaxy A35 5G (Awesome Lilac, 128 GB)","₹17,999",8 GB RAM | 128 GB ROM | Expandable Upto 1 TB | 16.76 cm (6.6 inch) Full HD+ Display | 50MP + 8MP + 5MP | 13MP Front Camera | 5000 mAh Battery | Samsung Exynos 1380 Processor | 1 Year Manufacturer Warranty for Device and 6 Months for In-Box Accessories,https://rukminim2.flixcart.com/image/312/312/xif0q/mobile/2/s/8/-original-imahgy26fu3z2hez.jpeg?q=70,https://www.flipkart.com/samsung-galaxy-a35-5g-awesome-lilac-128-gb/p/itm5a31476ca6a35?pid=MOBGYT2HDZYASSZG&lid=LSTMOBGYT2HDZYASSZGOUJTDB&marketplace=FLIPKART&store=tyy%2F4io&srno=b_4_78&otracker=browse&fm=organic&iid=d2f0788d-399f-4197-8e2f-a0c1d2e17f13.MOBGYT2HDZYASSZG.SEARCH&ppt=None&ppn=None&ssid=3617lv7jz40000001759037074804
"Samsung Galaxy S24 5G Snapdragon (Marble Gray, 256 GB)","₹44,999",8 GB RAM | 256 GB ROM | 15.75 cm (6.2 inch) Full HD+ Display | 50MP + 12MP | 12MP Front Camera | 4000 mAh Battery | 8 Gen 3 Processor | 1 Year Manufacturer Warranty for Device and 6 Months for In-Box Accessories,https://rukminim2.flixcart.com/image/312/312/xif0q/mobile/i/b/d/-original-imahfz2tuqdczpfg.jpeg?q=70,https://www.flipkart.com/samsung-galaxy-s24-5g-snapdragon-marble-gray-256-gb/p/itmc60e0c4fb63b7?pid=MOBHDVFKAWDVHJTU&lid=LSTMOBHDVFKAWDVHJTUK7PT9L&marketplace=FLIPKART&store=tyy%2F4io&srno=b_4_79&otracker=browse&fm=organic&iid=d2f0788d-399f-4197-8e2f-a0c1d2e17f13.MOBHDVFKAWDVHJTU.SEARCH&ppt=None&ppn=None&ssid=3617lv7jz40000001759037074804
"realme P4 5G (Engine Blue, 128 GB)","₹16,999",6 GB RAM | 128 GB ROM | 17.2 cm (6.77 inch) Display | 50MP + 8MP | 16MP Front Camera | 7000 mAh Battery | Mediatek Dimensity 7400 Processor | 1 Year Manufacturer Warranty for Device and 6 Months Manufacturer Warranty for Inbox Accessories,https://rukminim2.flixcart.com/image/312/312/xif0q/mobile/r/4/p/-original-imahf47e6gzt3ggw.jpeg?q=70,https://www.flipkart.com/realme-p4-5g-engine-blue-128-gb/p/itmf836e6de035a5?pid=MOBHERXFZSPWPSQN&lid=LSTMOBHERXFZSPWPSQNLLYBYL&marketplace=FLIPKART&store=tyy%2F4io&srno=b_4_80&otracker=browse&fm=organic&iid=d2f0788d-399f-4197-8e2f-a0c1d2e17f13.MOBHERXFZSPWPSQN.SEARCH&ppt=None&ppn=None&ssid=3617lv7jz40000001759037074804
"realme P3x 5G (Midnight Blue, 128 GB)","₹11,999",8 GB RAM | 128 GB ROM | 17.07 cm (6.72 inch) Full HD Display | 50MP Rear Camera | 8MP Front Camera | 6000 mAh Battery | Dimensity 6400 Processor | 1 Year Manufacturer Warranty for Device and 6 Months Manufacturer Warranty for Inbox Accessories,https://rukminim2.flixcart.com/image/312/312/xif0q/mobile/j/n/1/-original-imah9gtmya9qhqse.jpeg?q=70,https://www.flipkart.com/realme-p3x-5g-midnight-blue-128-gb/p/itmab5a4b09b6ccc?pid=MOBH8VGVTPGFVHEX&lid=LSTMOBH8VGVTPGFVHEX1Z6RGO&marketplace=FLIPKART&store=tyy%2F4io&srno=b_4_81&otracker=browse&fm=organic&iid=d2f0788d-399f-4197-8e2f-a0c1d2e17f13.MOBH8VGVTPGFVHEX.SEARCH&ppt=None&ppn=None&ssid=3617lv7jz40000001759037074804
"Motorola g45 5G (Brilliant Blue, 128 GB)","₹11,999",8 GB RAM | 128 GB ROM | Expandable Upto 1 TB | 16.51 cm (6.5 inch) HD+ Display | 50MP + 2MP | 16MP Front Camera | 5000 mAh Battery | Snapdragon 6s Gen 3 Processor | 1 Year Warranty on Handset and 6 Months Warranty on Accessories,https://rukminim2.flixcart.com/image/312/312/xif0q/mobile/r/l/c/-original-imah3xk892aj9gck.jpeg?q=70,https://www.flipkart.com/motorola-g45-5g-brilliant-blue-128-gb/p/itmc45105311348e?pid=MOBH3YKQT2HEAPAM&lid=LSTMOBH3YKQT2HEAPAMTX4TTX&marketplace=FLIPKART&store=tyy%2F4io&srno=b_4_82&otracker=browse&fm=organic&iid=d2f0788d-399f-4197-8e2f-a0c1d2e17f13.MOBH3YKQT2HEAPAM.SEARCH&ppt=None&ppn=None&ssid=3617lv7jz40000001759037074804
"OPPO K13x 5G 6000mAh and 45W SUPERVOOC Charger & AI (Sunset Peach, 128 GB)","₹11,999",4 GB RAM | 128 GB ROM | Expandable Upto 2 TB | 16.94 cm (6.67 inch) HD+ Display | 50MP + 2MP | 8MP Front Camera | 6000 mAh Battery | Dimensity 6300 Processor | 1 Year Manufacturer Warranty for Device and 6 Months Manufacturer Warranty for Inbox Accessories,https://rukminim2.flixcart.com/image/312/312/xif0q/mobile/s/r/y/-original-imahfw4vez79uubg.jpeg?q=70,https://www.flipkart.com/oppo-k13x-5g-6000mah-45w-supervooc-charger-ai-sunset-peach-128-gb/p/itm62b2e62fbb43e?pid=MOBHDY9PFEUDUVBH&lid=LSTMOBHDY9PFEUDUVBH9J1IMA&marketplace=FLIPKART&store=tyy%2F4io&srno=b_4_83&otracker=browse&fm=organic&iid=d2f0788d-399f-4197-8e2f-a0c1d2e17f13.MOBHDY9PFEUDUVBH.SEARCH&ppt=None&ppn=None&ssid=3617lv7jz40000001759037074804
"realme P4 Pro 5G (Birch Wood, 256 GB)","₹26,999",12 GB RAM | 256 GB ROM | 17.27 cm (6.8 inch) Display | 50MP + 8MP | 50MP Front Camera | 7000 mAh Battery | Snapdragon 7 Gen 4 Mobile Processor | 1 Year Manufacturer Warranty for Device and 6 Months Manufacturer Warranty for Inbox Accessories,https://rukminim2.flixcart.com/image/312/312/xif0q/mobile/q/b/o/-original-imahfghxxmadhjm4.jpeg?q=70,https://www.flipkart.com/realme-p4-pro-5g-birch-wood-256-gb/p/itme41a54752cc21?pid=MOBHERXKUV3RGG5F&lid=LSTMOBHERXKUV3RGG5FX55ENJ&marketplace=FLIPKART&store=tyy%2F4io&srno=b_4_84&otracker=browse&fm=organic&iid=d2f0788d-399f-4197-8e2f-a0c1d2e17f13.MOBHERXKUV3RGG5F.SEARCH&ppt=None&ppn=None&ssid=3617lv7jz40000001759037074804
"realme P4 Pro 5G (Dark Oak Wood, 256 GB)","₹26,999",12 GB RAM | 256 GB ROM | 17.27 cm (6.8 inch) Display | 50MP + 8MP | 50MP Front Camera | 7000 mAh Battery | Snapdragon 7 Gen 4 Mobile Processor | 1 Year Manufacturer Warranty for Device and 6 Months Manufacturer Warranty for Inbox Accessories,https://rukminim2.flixcart.com/image/312/312/xif0q/mobile/d/r/t/-original-imahfghxst733zhf.jpeg?q=70,https://www.flipkart.com/realme-p4-pro-5g-dark-oak-wood-256-gb/p/itme41a54752cc21?pid=MOBHERXKMUKYHPU8&lid=LSTMOBHERXKMUKYHPU81D5EEU&marketplace=FLIPKART&store=tyy%2F4io&srno=b_4_85&otracker=browse&fm=organic&iid=d2f0788d-399f-4197-8e2f-a0c1d2e17f13.MOBHERXKMUKYHPU8.SEARCH&ppt=None&ppn=None&ssid=3617lv7jz40000001759037074804
"MOTOROLA G96 5G (Pantone Cattleya Orchid, 128 GB)","₹15,999",8 GB RAM | 128 GB ROM | 16.94 cm (6.67 inch) Full HD+ Display | 50MP + 8MP | 32MP Front Camera | 5500 mAh Battery | 7s Gen 2 Processor | 1 Year Warranty on Handset and 6 Months Warranty on Accessories,https://rukminim2.flixcart.com/image/312/312/xif0q/mobile/x/o/m/-original-imahdv5t4pnfqhvh.jpeg?q=70,https://www.flipkart.com/motorola-g96-5g-pantone-cattleya-orchid-128-gb/p/itm1a71d1ad992ec?pid=MOBHB3SZZWVEZ5ZD&lid=LSTMOBHB3SZZWVEZ5ZDXVUUEN&marketplace=FLIPKART&store=tyy%2F4io&srno=b_4_86&otracker=browse&fm=organic&iid=d2f0788d-399f-4197-8e2f-a0c1d2e17f13.MOBHB3SZZWVEZ5ZD.SEARCH&ppt=None&ppn=None&ssid=3617lv7jz40000001759037074804
"Nothing Phone (3a) (White, 128 GB)","₹23,999",8 GB RAM | 128 GB ROM | 43.66 cm (17.19 cm) Full HD+ Display | 50MP (Main) + 50MP (2X Tele Photo) + 8MP (Ultra-Wide) | 32MP Front Camera | 5000 mAh Battery | 7s Gen3 Processor | 1 Year Manufacturing Warranty,https://rukminim2.flixcart.com/image/312/312/xif0q/mobile/e/l/m/-original-imahcfcfhxrf5hzg.jpeg?q=70,https://www.flipkart.com/nothing-phone-3a-white-128-gb/p/itm49557c5a65f9c?pid=MOBH8G3PK4RZFYAA&lid=LSTMOBH8G3PK4RZFYAAWQRDU6&marketplace=FLIPKART&store=tyy%2F4io&srno=b_4_87&otracker=browse&fm=organic&iid=d2f0788d-399f-4197-8e2f-a0c1d2e17f13.MOBH8G3PK4RZFYAA.SEARCH&ppt=None&ppn=None&ssid=3617lv7jz40000001759037074804
"CMF by Nothing Phone 2 Pro (White, 256 GB)","₹18,999",8 GB RAM | 256 GB ROM | Expandable Upto 2 TB | 17.2 cm (6.77 inch) Display | 50MP + 50MP + 8MP | 16MP Front Camera | 5000 mAh Battery | Dimensity 7300 Pro 5G Processor | 1 Year Manufacturing Warranty,https://rukminim2.flixcart.com/image/312/312/xif0q/mobile/s/b/q/-original-imahc7eztvdjqgza.jpeg?q=70,https://www.flipkart.com/cmf-nothing-phone-2-pro-white-256-gb/p/itm46a119f176627?pid=MOBHAUHAUDZUUQSF&lid=LSTMOBHAUHAUDZUUQSF5CFKOF&marketplace=FLIPKART&store=tyy%2F4io&srno=b_4_88&otracker=browse&fm=organic&iid=d2f0788d-399f-4197-8e2f-a0c1d2e17f13.MOBHAUHAUDZUUQSF.SEARCH&ppt=None&ppn=None&ssid=3617lv7jz40000001759037074804
"MOTOROLA G96 5G (Pantone Dresden Blue, 256 GB)","₹17,999",8 GB RAM | 256 GB ROM | 16.94 cm (6.67 inch) Full HD+ Display | 50MP + 8MP | 32MP Front Camera | 5500 mAh Battery | 7s Gen 2 Processor | 1 Year Warranty on Handset and 6 Months Warranty on Accessories,https://rukminim2.flixcart.com/image/312/312/xif0q/mobile/y/s/k/-original-imahdv5tbb8xhcha.jpeg?q=70,https://www.flipkart.com/motorola-g96-5g-pantone-dresden-blue-256-gb/p/itm4c107ff15ac8d?pid=MOBHB3SZZRUQDHXK&lid=LSTMOBHB3SZZRUQDHXKOI2WLU&marketplace=FLIPKART&store=tyy%2F4io&srno=b_4_89&otracker=browse&fm=organic&iid=d2f0788d-399f-4197-8e2f-a0c1d2e17f13.MOBHB3SZZRUQDHXK.SEARCH&ppt=None&ppn=None&ssid=3617lv7jz40000001759037074804
"Samsung Galaxy A35 5G (Awesome Iceblue, 256 GB)","₹19,999",8 GB RAM | 256 GB ROM | Expandable Upto 1 TB | 16.76 cm (6.6 inch) Full HD+ Display | 50MP + 8MP + 5MP | 13MP Front Camera | 5000 mAh Battery | Samsung Exynos 1380 Processor | 1 Year Manufacturer Warranty for Device and 6 Months for In-Box Accessories,https://rukminim2.flixcart.com/image/312/312/xif0q/mobile/o/j/d/-original-imahgy25zuwqzzye.jpeg?q=70,https://www.flipkart.com/samsung-galaxy-a35-5g-awesome-iceblue-256-gb/p/itmd3af671af1e42?pid=MOBGYT2HYAAHS3ZR&lid=LSTMOBGYT2HYAAHS3ZRNFRJP2&marketplace=FLIPKART&store=tyy%2F4io&srno=b_4_90&otracker=browse&fm=organic&iid=d2f0788d-399f-4197-8e2f-a0c1d2e17f13.MOBGYT2HYAAHS3ZR.SEARCH&ppt=None&ppn=None&ssid=3617lv7jz40000001759037074804
"vivo T4 5G (Phantom Grey, 256 GB)","₹24,999",12 GB RAM | 256 GB ROM | 17.2 cm (6.77 inch) Display | 50MP (OIS) + 2MP | 32MP Front Camera | 7300 mAh Battery | Snapdragon 7s Gen 3 5G Processor | 1 Year Warranty on the Handset and 6 Months Warranty on Inbox Accessories,https://rukminim2.flixcart.com/image/312/312/xif0q/mobile/k/t/x/-original-imahbgpzbumfzkbh.jpeg?q=70,https://www.flipkart.com/vivo-t4-5g-phantom-grey-256-gb/p/itmc2634fd4daeb9?pid=MOBHATXZNHEG7XCX&lid=LSTMOBHATXZNHEG7XCXXFIFJO&marketplace=FLIPKART&store=tyy%2F4io&srno=b_4_91&otracker=browse&fm=organic&iid=d2f0788d-399f-4197-8e2f-a0c1d2e17f13.MOBHATXZNHEG7XCX.SEARCH&ppt=None&ppn=None&ssid=3617lv7jz40000001759037074804
"CMF by Nothing Phone 2 Pro (Orange, 128 GB)","₹16,999",8 GB RAM | 128 GB ROM | Expandable Upto 2 TB | 17.2 cm (6.77 inch) Display | 50MP + 50MP + 8MP | 16MP Front Camera | 5000 mAh Battery | Dimensity 7300 Pro 5G Processor | 1 Year Manufacturing Warranty,https://rukminim2.flixcart.com/image/312/312/xif0q/mobile/x/g/r/-original-imahc7ez8cq55mah.jpeg?q=70,https://www.flipkart.com/cmf-nothing-phone-2-pro-orange-128-gb/p/itm46a119f176627?pid=MOBHAUHAHD3TRJ7X&lid=LSTMOBHAUHAHD3TRJ7XRKZ0X4&marketplace=FLIPKART&store=tyy%2F4io&srno=b_4_92&otracker=browse&fm=organic&iid=d2f0788d-399f-4197-8e2f-a0c1d2e17f13.MOBHAUHAHD3TRJ7X.SEARCH&ppt=None&ppn=None&ssid=3617lv7jz40000001759037074804
"MOTOROLA Edge 60 Fusion 5G (PANTONE Slipstream, 256 GB)","₹22,999",12 GB RAM | 256 GB ROM | Expandable Upto 1 TB | 16.94 cm (6.67 inch) Display | 50MP + 13MP | 32MP Front Camera | 5500 mAh Battery | Dimensity 7400 Processor | 68W Charger | 1 Year Warranty on Handset and 6 Months Warranty on Accessories,https://rukminim2.flixcart.com/image/312/312/xif0q/mobile/r/i/c/-original-imahbfmdzukyctut.jpeg?q=70,https://www.flipkart.com/motorola-edge-60-fusion-5g-pantone-slipstream-256-gb/p/itm637e7bca8a605?pid=MOBH9AQZANYGWEQH&lid=LSTMOBH9AQZANYGWEQHSMKZEE&marketplace=FLIPKART&store=tyy%2F4io&srno=b_4_93&otracker=browse&fm=organic&iid=d2f0788d-399f-4197-8e2f-a0c1d2e17f13.MOBH9AQZANYGWEQH.SEARCH&ppt=None&ppn=None&ssid=3617lv7jz40000001759037074804
"CMF by Nothing Phone 2 Pro (Black, 128 GB)","₹16,999",8 GB RAM | 128 GB ROM | Expandable Upto 2 TB | 17.2 cm (6.77 inch) Display | 50MP + 50MP + 8MP | 16MP Front Camera | 5000 mAh Battery | Dimensity 7300 Pro 5G Processor | 1 Year Manufacturing Warranty,https://rukminim2.flixcart.com/image/312/312/xif0q/mobile/w/y/d/-original-imahc7ezmtmajyye.jpeg?q=70,https://www.flipkart.com/cmf-nothing-phone-2-pro-black-128-gb/p/itm46a119f176627?pid=MOBHAUHA5GRW9FS2&lid=LSTMOBHAUHA5GRW9FS2YEJJV3&marketplace=FLIPKART&store=tyy%2F4io&srno=b_4_94&otracker=browse&fm=organic&iid=d2f0788d-399f-4197-8e2f-a0c1d2e17f13.MOBHAUHA5GRW9FS2.SEARCH&ppt=None&ppn=None&ssid=3617lv7jz40000001759037074804
"CMF by Nothing Phone 2 Pro (Light Green, 128 GB)","₹16,999",8 GB RAM | 128 GB ROM | Expandable Upto 2 TB | 17.2 cm (6.77 inch) Display | 50MP + 50MP + 8MP | 16MP Front Camera | 5000 mAh Battery | Dimensity 7300 Pro 5G Processor | 1 Year Manufacturing Warranty,https://rukminim2.flixcart.com/image/312/312/xif0q/mobile/w/w/h/-original-imahc7ezhz9qxm6d.jpeg?q=70,https://www.flipkart.com/cmf-nothing-phone-2-pro-light-green-128-gb/p/itm46a119f176627?pid=MOBHAUHADASAEX2G&lid=LSTMOBHAUHADASAEX2GBJ8ZQD&marketplace=FLIPKART&store=tyy%2F4io&srno=b_4_95&otracker=browse&fm=organic&iid=d2f0788d-399f-4197-8e2f-a0c1d2e17f13.MOBHAUHADASAEX2G.SEARCH&ppt=None&ppn=None&ssid=3617lv7jz40000001759037074804
"Google Pixel 9A (Porcelain, 256 GB)","₹44,999",8 GB RAM | 256 GB ROM | 15.96 cm (6.285 inch) Full HD+ Display | 48MP + 12MP | 12MP Front Camera | 5100 mAh Battery | Tensor G4 Processor | 1 Year Domestic Warranty,https://rukminim2.flixcart.com/image/312/312/xif0q/mobile/0/q/f/-original-imahadxg8mgjzrfh.jpeg?q=70,https://www.flipkart.com/google-pixel-9a-porcelain-256-gb/p/itmfe749ceddac9a?pid=MOBH9YME35EYPV4K&lid=LSTMOBH9YME35EYPV4K5K7UZW&marketplace=FLIPKART&store=tyy%2F4io&srno=b_4_96&otracker=browse&fm=organic&iid=d2f0788d-399f-4197-8e2f-a0c1d2e17f13.MOBH9YME35EYPV4K.SEARCH&ppt=None&ppn=None&ssid=3617lv7jz40000001759037074804
"REDMI Note 14 SE 5G (Crimson Art, 128 GB)","₹12,999",6 GB RAM | 128 GB ROM | 16.94 cm (6.67 inch) Full HD+ Display | 50MP + 8MP + 2MP | 20MP Front Camera | 5110 mAh Battery | Dimensity 7025 Ultra Processor | 1 Year Warranty on the Handset and 6 Months Warranty on the Inbox Accessories,https://rukminim2.flixcart.com/image/312/312/xif0q/mobile/z/t/l/-original-imahg2z9zy2ea2py.jpeg?q=70,https://www.flipkart.com/redmi-note-14-se-5g-crimson-art-128-gb/p/itm10fbd7f3a50f1?pid=MOBHE48SXCFFFTTT&lid=LSTMOBHE48SXCFFFTTTDUVPWS&marketplace=FLIPKART&store=tyy%2F4io&srno=b_5_97&otracker=browse&fm=organic&iid=en_ki6vNgSO-n621oXZVbTmyWFMcFTMQG_Lk5jJjgP4TDV7kC4sVRNMMWb73fUM5QGEKUze0Br_1Pdd5Of55oQWDfUFjCTyOHoHZs-Z5_PS_w0%3D&ppt=None&ppn=None&ssid=ipjb37kwqo0000001759037084030
"Samsung Galaxy S24 FE 5G (Blue, 128 GB)","₹29,999",8 GB RAM | 128 GB ROM | 17.02 cm (6.7 inch) Full HD+ Display | 50MP + 12MP | 10MP Front Camera | 4700 mAh Battery | Exynos 2400e Processor | 1 Year Manufacturer Warranty for Device and 6 Months for In-Box Accessories,https://rukminim2.flixcart.com/image/312/312/xif0q/mobile/u/r/t/-original-imahfw4ahyk6qfxe.jpeg?q=70,https://www.flipkart.com/samsung-galaxy-s24-fe-5g-blue-128-gb/p/itme960199e26f23?pid=MOBH4ZG3Z5NCBW2H&lid=LSTMOBH4ZG3Z5NCBW2HHP3FVG&marketplace=FLIPKART&store=tyy%2F4io&srno=b_5_98&otracker=browse&fm=organic&iid=en_ki6vNgSO-n621oXZVbTmyWFMcFTMQG_Lk5jJjgP4TDVPggEqYdhws454_Zaa4QqVVmv_I2yj4_9LNXSc__YW5w%3D%3D&ppt=None&ppn=None&ssid=ipjb37kwqo0000001759037084030
"Google Pixel 9A (Iris, 256 GB)","₹44,999",8 GB RAM | 256 GB ROM | 15.96 cm (6.285 inch) Full HD+ Display | 48MP + 12MP | 12MP Front Camera | 5100 mAh Battery | Tensor G4 Processor | 1 Year Domestic Warranty,https://rukminim2.flixcart.com/image/312/312/xif0q/mobile/c/3/2/-original-imahadxgjufkypv5.jpeg?q=70,https://www.flipkart.com/google-pixel-9a-iris-256-gb/p/itmb2ce6b5391689?pid=MOBH9YMEHJC9NHHY&lid=LSTMOBH9YMEHJC9NHHYJIL7SI&marketplace=FLIPKART&store=tyy%2F4io&srno=b_5_99&otracker=browse&fm=organic&iid=84845a0c-f50b-409b-8035-b8531c42ac5d.MOBH9YMEHJC9NHHY.SEARCH&ppt=None&ppn=None&ssid=ipjb37kwqo0000001759037084030
"realme P3x 5G (Lunar Silver, 128 GB)","₹11,999",8 GB RAM | 128 GB ROM | 17.07 cm (6.72 inch) Full HD Display | 50MP Rear Camera | 8MP Front Camera | 6000 mAh Battery | Dimensity 6400 Processor | 1 Year Manufacturer Warranty for Device and 6 Months Manufacturer Warranty for Inbox Accessories,https://rukminim2.flixcart.com/image/312/312/xif0q/mobile/h/c/4/-original-imah9gtmjhh9eb8k.jpeg?q=70,https://www.flipkart.com/realme-p3x-5g-lunar-silver-128-gb/p/itmab5a4b09b6ccc?pid=MOBH8VGVMKXQ5UPU&lid=LSTMOBH8VGVMKXQ5UPUVAPFUL&marketplace=FLIPKART&store=tyy%2F4io&srno=b_5_100&otracker=browse&fm=organic&iid=84845a0c-f50b-409b-8035-b8531c42ac5d.MOBH8VGVMKXQ5UPU.SEARCH&ppt=None&ppn=None&ssid=ipjb37kwqo0000001759037084030
"Samsung Galaxy F06 5G (Lit Violet, 128 GB)","₹7,999",4 GB RAM | 128 GB ROM | Expandable Upto 1500 GB | 17.02 cm (6.7 inch) HD+ Display | 50MP + 2MP | 8MP Front Camera | 5000 mAh Battery | Dimensity 6300 Processor | 1 Year Manufacturer Warranty for Device and 6 Months for In-Box Accessories,https://rukminim2.flixcart.com/image/312/312/xif0q/mobile/i/q/r/-original-imahfvrmzd46wgw5.jpeg?q=70,https://www.flipkart.com/samsung-galaxy-f06-5g-lit-violet-128-gb/p/itm140da3412b73b?pid=MOBH9AS4FA5RUHSY&lid=LSTMOBH9AS4FA5RUHSYIYVIFO&marketplace=FLIPKART&store=tyy%2F4io&srno=b_5_101&otracker=browse&fm=organic&iid=en_ki6vNgSO-n621oXZVbTmyWFMcFTMQG_Lk5jJjgP4TDUffp2KgQibelcuAXdZ_5WVAwlgPoN6OBZ0SVGOf-IJ4fUFjCTyOHoHZs-Z5_PS_w0%3D&ppt=None&ppn=None&ssid=ipjb37kwqo0000001759037084030
"realme 15 Pro 5G (Flowing Silver, 256 GB)","₹33,999",8 GB RAM | 256 GB ROM | 17.27 cm (6.8 inch) Display | 50MP + 50MP | 50MP Front Camera | 7000 mAh Battery | Snapdragon 7 Gen 4 Processor | 1 Year Manufacturer Warranty for Device and 6 Months Manufacturer Warranty for Inbox Accessories,https://rukminim2.flixcart.com/image/312/312/xif0q/mobile/p/4/n/-original-imahezrzhqnjdwjr.jpeg?q=70,https://www.flipkart.com/realme-15-pro-5g-flowing-silver-256-gb/p/itm216cdbf4baea0?pid=MOBHDVK2GZAGZTG2&lid=LSTMOBHDVK2GZAGZTG2KQQE1M&marketplace=FLIPKART&store=tyy%2F4io&srno=b_5_102&otracker=browse&fm=organic&iid=en_ki6vNgSO-n621oXZVbTmyWFMcFTMQG_Lk5jJjgP4TDVojQvwCPVCM3T1yQdoRWr7Pd1PexpuYAX6Nq0-MzS7vQ%3D%3D&ppt=None&ppn=None&ssid=ipjb37kwqo0000001759037084030
"realme P3x 5G (Stellar Pink, 128 GB)","₹11,999",8 GB RAM | 128 GB ROM | 17.07 cm (6.72 inch) Full HD Display | 50MP Rear Camera | 8MP Front Camera | 6000 mAh Battery | Dimensity 6400 Processor | 1 Year Manufacturer Warranty for Device and 6 Months Manufacturer Warranty for Inbox Accessories,https://rukminim2.flixcart.com/image/312/312/xif0q/mobile/5/v/y/-original-imah9gtmsuutundb.jpeg?q=70,https://www.flipkart.com/realme-p3x-5g-stellar-pink-128-gb/p/itmab5a4b09b6ccc?pid=MOBH8VGVW7QA9V8W&lid=LSTMOBH8VGVW7QA9V8W2GUPRC&marketplace=FLIPKART&store=tyy%2F4io&srno=b_5_103&otracker=browse&fm=organic&iid=84845a0c-f50b-409b-8035-b8531c42ac5d.MOBH8VGVW7QA9V8W.SEARCH&ppt=None&ppn=None&ssid=ipjb37kwqo0000001759037084030
"realme C61 (Marble Black, 128 GB)","₹8,199",6 GB RAM | 128 GB ROM | Expandable Upto 2 TB | 17.13 cm (6.745 inch) HD+ Display | 32MP Rear Camera | 5MP Front Camera | 5000 mAh Battery | T612 Processor | 1 Year Manufacturer Warranty for Device and 6 Months Manufacturer Warranty for Inbox Accessories,https://rukminim2.flixcart.com/image/312/312/xif0q/mobile/x/v/z/-original-imah28xpzzwz4fwg.jpeg?q=70,https://www.flipkart.com/realme-c61-marble-black-128-gb/p/itmd6ddbcefce040?pid=MOBHFRKRQMD36FZ5&lid=LSTMOBHFRKRQMD36FZ5ZLCIIC&marketplace=FLIPKART&store=tyy%2F4io&srno=b_5_104&otracker=browse&fm=organic&iid=84845a0c-f50b-409b-8035-b8531c42ac5d.MOBHFRKRQMD36FZ5.SEARCH&ppt=None&ppn=None&ssid=ipjb37kwqo0000001759037084030
"Samsung Galaxy S24 5G Snapdragon (Marble Gray, 128 GB)","₹39,999",8 GB RAM | 128 GB ROM | 15.75 cm (6.2 inch) Full HD+ Display | 50MP + 12MP | 12MP Front Camera | 4000 mAh Battery | 8 Gen 3 Processor | 1 Year Manufacturer Warranty for Device and 6 Months for In-Box Accessories,https://rukminim2.flixcart.com/image/312/312/xif0q/mobile/i/b/d/-original-imahfz2tuqdczpfg.jpeg?q=70,https://www.flipkart.com/samsung-galaxy-s24-5g-snapdragon-marble-gray-128-gb/p/itm8f6413060b707?pid=MOBHDVFKCP3DZG4G&lid=LSTMOBHDVFKCP3DZG4GNMA6GO&marketplace=FLIPKART&store=tyy%2F4io&srno=b_5_105&otracker=browse&fm=organic&iid=en_ki6vNgSO-n621oXZVbTmyWFMcFTMQG_Lk5jJjgP4TDV9o3enOG7bWi9GpNXyBVmtF23CN-_ekevMiMZFtLxv3_UFjCTyOHoHZs-Z5_PS_w0%3D&ppt=None&ppn=None&ssid=ipjb37kwqo0000001759037084030
"realme P3x 5G (Midnight Blue, 128 GB)","₹10,999",6 GB RAM | 128 GB ROM | 17.07 cm (6.72 inch) Full HD Display | 50MP Rear Camera | 8MP Front Camera | 6000 mAh Battery | Dimensity 6400 Processor | 1 Year Manufacturer Warranty for Device and 6 Months Manufacturer Warranty for Inbox Accessories,https://rukminim2.flixcart.com/image/312/312/xif0q/mobile/j/n/1/-original-imah9gtmya9qhqse.jpeg?q=70,https://www.flipkart.com/realme-p3x-5g-midnight-blue-128-gb/p/itmab5a4b09b6ccc?pid=MOBH8VGV88UADK2Z&lid=LSTMOBH8VGV88UADK2ZH101KQ&marketplace=FLIPKART&store=tyy%2F4io&srno=b_5_106&otracker=browse&fm=organic&iid=84845a0c-f50b-409b-8035-b8531c42ac5d.MOBH8VGV88UADK2Z.SEARCH&ppt=None&ppn=None&ssid=ipjb37kwqo0000001759037084030
"REDMI Note 14 SE 5G (Mystique White, 128 GB)","₹12,999",6 GB RAM | 128 GB ROM | 16.94 cm (6.67 inch) Full HD+ Display | 50MP + 8MP + 2MP | 20MP Front Camera | 5110 mAh Battery | Dimensity 7025 Ultra Processor | 1 Year Warranty on the Handset and 6 Months Warranty on the Inbox Accessories,https://rukminim2.flixcart.com/image/312/312/xif0q/mobile/x/j/s/-original-imahg2z9zcwf6yyy.jpeg?q=70,https://www.flipkart.com/redmi-note-14-se-5g-mystique-white-128-gb/p/itm3ac3f82a0d665?pid=MOBHE48SHGAUHGTC&lid=LSTMOBHE48SHGAUHGTCENTOS8&marketplace=FLIPKART&store=tyy%2F4io&srno=b_5_107&otracker=browse&fm=organic&iid=en_ki6vNgSO-n621oXZVbTmyWFMcFTMQG_Lk5jJjgP4TDXtvaZbHaSpJguwqUOVAy09ttwCwoKMya9meO8noK2PWw%3D%3D&ppt=None&ppn=None&ssid=ipjb37kwqo0000001759037084030
"Samsung Galaxy F36 5G (Violet, 128 GB)","₹13,999",6 GB RAM | 128 GB ROM | Expandable Upto 2 TB | 17.02 cm (6.7 inch) Full HD+ Display | 50MP + 8MP + 2MP | 13MP Front Camera | 5000 mAh Battery | Samsung Exynos 1380 Processor | 1 Year Manufacturer Warranty for Device and 6 Months for In-Box Accessories,https://rukminim2.flixcart.com/image/312/312/xif0q/mobile/c/w/g/-original-imahgynnesp6jrxa.jpeg?q=70,https://www.flipkart.com/samsung-galaxy-f36-5g-violet-128-gb/p/itm85ca200fd55e9?pid=MOBHDFVTH22ZAZXZ&lid=LSTMOBHDFVTH22ZAZXZMFVJDX&marketplace=FLIPKART&store=tyy%2F4io&srno=b_5_108&otracker=browse&fm=organic&iid=en_ki6vNgSO-n621oXZVbTmyWFMcFTMQG_Lk5jJjgP4TDWx4Rq3oxA60R-JhA32oUcTyqZCZK_cIICHWgUhY7CT7PUFjCTyOHoHZs-Z5_PS_w0%3D&ppt=None&ppn=None&ssid=ipjb37kwqo0000001759037084030
"MOTOROLA G96 5G (Pantone Greener Pastures, 256 GB)","₹17,999",8 GB RAM | 256 GB ROM | 16.94 cm (6.67 inch) Full HD+ Display | 50MP + 8MP | 32MP Front Camera | 5500 mAh Battery | 7s Gen 2 Processor | 1 Year Warranty on Handset and 6 Months Warranty on Accessories,https://rukminim2.flixcart.com/image/312/312/xif0q/mobile/g/a/z/-original-imahdv5tgeqnxge4.jpeg?q=70,https://www.flipkart.com/motorola-g96-5g-pantone-greener-pastures-256-gb/p/itma540ff796e078?pid=MOBHB3SZBFGXFGXR&lid=LSTMOBHB3SZBFGXFGXRIJJKQ7&marketplace=FLIPKART&store=tyy%2F4io&srno=b_5_109&otracker=browse&fm=organic&iid=84845a0c-f50b-409b-8035-b8531c42ac5d.MOBHB3SZBFGXFGXR.SEARCH&ppt=None&ppn=None&ssid=ipjb37kwqo0000001759037084030
"MOTOROLA G96 5G (Pantone Ashleigh Blue, 256 GB)","₹17,999",8 GB RAM | 256 GB ROM | 16.94 cm (6.67 inch) Full HD+ Display | 50MP + 8MP | 32MP Front Camera | 5500 mAh Battery | 7s Gen 2 Processor | 1 Year Warranty on Handset and 6 Months Warranty on Accessories,https://rukminim2.flixcart.com/image/312/312/xif0q/mobile/l/x/1/-original-imahdv5ttyhhyhg9.jpeg?q=70,https://www.flipkart.com/motorola-g96-5g-pantone-ashleigh-blue-256-gb/p/itmda6d829eead4b?pid=MOBHB3SZWPZTFFEE&lid=LSTMOBHB3SZWPZTFFEECZ5ZOS&marketplace=FLIPKART&store=tyy%2F4io&srno=b_5_110&otracker=browse&fm=organic&iid=84845a0c-f50b-409b-8035-b8531c42ac5d.MOBHB3SZWPZTFFEE.SEARCH&ppt=None&ppn=None&ssid=ipjb37kwqo0000001759037084030
"realme P4 5G (Steel Grey, 128 GB)","₹16,999",6 GB RAM | 128 GB ROM | 17.2 cm (6.77 inch) Display | 50MP + 8MP | 16MP Front Camera | 7000 mAh Battery | Mediatek Dimensity 7400 Processor | 1 Year Manufacturer Warranty for Device and 6 Months Manufacturer Warranty for Inbox Accessories,https://rukminim2.flixcart.com/image/312/312/xif0q/mobile/2/m/d/-original-imahf47f6fgxwh9a.jpeg?q=70,https://www.flipkart.com/realme-p4-5g-steel-grey-128-gb/p/itmf836e6de035a5?pid=MOBHERXF2RUHQMXE&lid=LSTMOBHERXF2RUHQMXERDGMNE&marketplace=FLIPKART&store=tyy%2F4io&srno=b_5_111&otracker=browse&fm=organic&iid=en_ki6vNgSO-n621oXZVbTmyWFMcFTMQG_Lk5jJjgP4TDV30YOlbTtjnst1Ul8NVRSdlN40NGbo6wPZFjUV-cma0vUFjCTyOHoHZs-Z5_PS_w0%3D&ppt=None&ppn=None&ssid=ipjb37kwqo0000001759037084030
"realme 15 5G (Flowing Silver, 128 GB)","₹25,999",8 GB RAM | 128 GB ROM | 17.27 cm (6.8 inch) Display | 50MP + 8MP | 50MP Front Camera | 7000 mAh Battery | Mediatek Dimensity 7300+ 5G Processor | 1 Year Manufacturer Warranty for Device and 6 Months Manufacturer Warranty for Inbox Accessories,https://rukminim2.flixcart.com/image/312/312/xif0q/mobile/m/g/k/-original-imahekyxwdxefxae.jpeg?q=70,https://www.flipkart.com/realme-15-5g-flowing-silver-128-gb/p/itme9581fbd0e97a?pid=MOBHDUKFNGK33R2M&lid=LSTMOBHDUKFNGK33R2M8YALEU&marketplace=FLIPKART&store=tyy%2F4io&srno=b_5_112&otracker=browse&fm=organic&iid=en_ki6vNgSO-n621oXZVbTmyWFMcFTMQG_Lk5jJjgP4TDUfjGAKia7dDPWUJjIYf60ItqXcYICj7v68dXm1gCYru4E8waCTrWcncKeK_ydPfoM%3D&ppt=None&ppn=None&ssid=ipjb37kwqo0000001759037084030
"Samsung Galaxy F36 5G (Red, 128 GB)","₹13,999",6 GB RAM | 128 GB ROM | Expandable Upto 2 TB | 17.02 cm (6.7 inch) Full HD+ Display | 50MP + 8MP + 2MP | 13MP Front Camera | 5000 mAh Battery | Samsung Exynos 1380 Processor | 1 Year Manufacturer Warranty for Device and 6 Months for In-Box Accessories,https://rukminim2.flixcart.com/image/312/312/xif0q/mobile/y/4/3/-original-imahgynngheku3mz.jpeg?q=70,https://www.flipkart.com/samsung-galaxy-f36-5g-red-128-gb/p/itmc11d84aa155ce?pid=MOBHDFVTHDKNNW8Z&lid=LSTMOBHDFVTHDKNNW8Z1DPOGI&marketplace=FLIPKART&store=tyy%2F4io&srno=b_5_113&otracker=browse&fm=organic&iid=84845a0c-f50b-409b-8035-b8531c42ac5d.MOBHDFVTHDKNNW8Z.SEARCH&ppt=None&ppn=None&ssid=ipjb37kwqo0000001759037084030
"MOTOROLA Edge 60 Fusion 5G (PANTONE Zephyr, 256 GB)","₹22,999",12 GB RAM | 256 GB ROM | Expandable Upto 1 TB | 16.94 cm (6.67 inch) Display | 50MP + 13MP | 32MP Front Camera | 5500 mAh Battery | Dimensity 7400 Processor | 68W Charger | 1 Year Warranty on Handset and 6 Months Warranty on Accessories,https://rukminim2.flixcart.com/image/312/312/xif0q/mobile/q/b/p/-original-imahbfmd2fapmg5r.jpeg?q=70,https://www.flipkart.com/motorola-edge-60-fusion-5g-pantone-zephyr-256-gb/p/itma79107312a42f?pid=MOBH9AQZAFGM3U6Q&lid=LSTMOBH9AQZAFGM3U6Q0CEQSM&marketplace=FLIPKART&store=tyy%2F4io&srno=b_5_114&otracker=browse&fm=organic&iid=84845a0c-f50b-409b-8035-b8531c42ac5d.MOBH9AQZAFGM3U6Q.SEARCH&ppt=None&ppn=None&ssid=ipjb37kwqo0000001759037084030
"Samsung Galaxy F06 5G (Lit Violet, 64 GB)","₹7,499",4 GB RAM | 64 GB ROM | Expandable Upto 1500 GB | 17.02 cm (6.7 inch) HD+ Display | 50MP + 2MP | 8MP Front Camera | 5000 mAh Battery | Dimensity 6300 Processor | 1 Year Manufacturer Warranty for Device and 6 Months for In-Box Accessories,https://rukminim2.flixcart.com/image/312/312/xif0q/mobile/i/q/r/-original-imahfvrmzd46wgw5.jpeg?q=70,https://www.flipkart.com/samsung-galaxy-f06-5g-lit-violet-64-gb/p/itm1390a80a68073?pid=MOBHBF5JG3BPANSG&lid=LSTMOBHBF5JG3BPANSGWYWEPP&marketplace=FLIPKART&store=tyy%2F4io&srno=b_5_115&otracker=browse&fm=organic&iid=en_ki6vNgSO-n621oXZVbTmyWFMcFTMQG_Lk5jJjgP4TDXC3qwe3fRAmSqn1ZfIqu15zwGPshWEJz-p7GF3g9_JPg891ypMzu4_aryI8_sihJ8%3D&ppt=None&ppn=None&ssid=ipjb37kwqo0000001759037084030
"Apple iPhone 14 (Blue, 128 GB)","₹54,999","128 GB ROM | 15.49 cm (6.1 inch) Super Retina XDR Display | 12MP + 12MP | 12MP Front Camera | A15 Bionic Chip, 6 Core Processor Processor | 1 year warranty for phone and 1 year warranty for in Box Accessories.",https://rukminim2.flixcart.com/image/312/312/xif0q/mobile/3/5/l/-original-imaghx9qmgqsk9s4.jpeg?q=70,https://www.flipkart.com/apple-iphone-14-blue-128-gb/p/itmdb77f40da6b6d?pid=MOBGHWFHSV7GUFWA&lid=LSTMOBGHWFHSV7GUFWAXI50I1&marketplace=FLIPKART&store=tyy%2F4io&srno=b_5_116&otracker=browse&fm=organic&iid=84845a0c-f50b-409b-8035-b8531c42ac5d.MOBGHWFHSV7GUFWA.SEARCH&ppt=None&ppn=None&ssid=ipjb37kwqo0000001759037084030
"Samsung Galaxy A35 5G (Awesome Lilac, 128 GB)","₹17,999",8 GB RAM | 128 GB ROM | Expandable Upto 1 TB | 16.76 cm (6.6 inch) Full HD+ Display | 50MP + 8MP + 5MP | 13MP Front Camera | 5000 mAh Battery | Samsung Exynos 1380 Processor | 1 Year Manufacturer Warranty for Device and 6 Months for In-Box Accessories,https://rukminim2.flixcart.com/image/312/312/xif0q/mobile/2/s/8/-original-imahgy26fu3z2hez.jpeg?q=70,https://www.flipkart.com/samsung-galaxy-a35-5g-awesome-lilac-128-gb/p/itm5a31476ca6a35?pid=MOBGYT2HDZYASSZG&lid=LSTMOBGYT2HDZYASSZGOUJTDB&marketplace=FLIPKART&store=tyy%2F4io&srno=b_5_117&otracker=browse&fm=organic&iid=en_ki6vNgSO-n621oXZVbTmyWFMcFTMQG_Lk5jJjgP4TDU9P6acogH2K8Ncg13t4m_nef-CWu1qvbb-JO1JjIh-wBhTy0lUJ14SzoMSv_CzLF0%3D&ppt=None&ppn=None&ssid=ipjb37kwqo0000001759037084030
"OPPO Reno14 5G (Diwali Gold Edition, 256 GB)","₹39,999",8 GB RAM | 256 GB ROM | 16.74 cm (6.59 inch) Display | 50MP + 8MP + 50MP | 50MP Front Camera | 6000 mAh Battery | Dimensity 8350 Processor | 1 Year Manufacturer Warranty for Device and 6 Months Manufacturer Warranty for Inbox Accessories,https://rukminim2.flixcart.com/image/312/312/xif0q/mobile/q/o/e/-original-imahg3zj7eqrvehz.jpeg?q=70,https://www.flipkart.com/oppo-reno14-5g-diwali-gold-edition-256-gb/p/itm4d9e853eee6cf?pid=MOBHG3Z4XMFKN6VV&lid=LSTMOBHG3Z4XMFKN6VVVLOF4D&marketplace=FLIPKART&store=tyy%2F4io&srno=b_5_118&otracker=browse&fm=organic&iid=en_ki6vNgSO-n621oXZVbTmyWFMcFTMQG_Lk5jJjgP4TDUFHS-yRKeJhEd-lWj6ypapSo69VG7dw9XL2kWrB-8dKn3Gaq_wzx4HJysDmGalzMk%3D&ppt=None&ppn=None&ssid=ipjb37kwqo0000001759037084030
"MOTOROLA G96 5G (Pantone Dresden Blue, 128 GB)","₹15,999",8 GB RAM | 128 GB ROM | 16.94 cm (6.67 inch) Full HD+ Display | 50MP + 8MP | 32MP Front Camera | 5500 mAh Battery | 7s Gen 2 Processor | 1 Year Warranty on Handset and 6 Months Warranty on Accessories,https://rukminim2.flixcart.com/image/312/312/xif0q/mobile/y/s/k/-original-imahdv5tbb8xhcha.jpeg?q=70,https://www.flipkart.com/motorola-g96-5g-pantone-dresden-blue-128-gb/p/itm3d5ad13991fdc?pid=MOBHB3SZW72BYGHK&lid=LSTMOBHB3SZW72BYGHKT0SAJS&marketplace=FLIPKART&store=tyy%2F4io&srno=b_5_119&otracker=browse&fm=organic&iid=84845a0c-f50b-409b-8035-b8531c42ac5d.MOBHB3SZW72BYGHK.SEARCH&ppt=None&ppn=None&ssid=ipjb37kwqo0000001759037084030
"Nothing Phone (3a) (Black, 128 GB)","₹23,999",8 GB RAM | 128 GB ROM | 43.66 cm (17.19 cm) Full HD+ Display | 50MP (Main) + 50MP (2X Tele Photo) + 8MP (Ultra-Wide) | 32MP Front Camera | 5000 mAh Battery | 7s Gen3 Processor | 1 Year Manufacturing Warranty,https://rukminim2.flixcart.com/image/312/312/xif0q/mobile/1/o/x/-original-imahcfcf2hdeqea5.jpeg?q=70,https://www.flipkart.com/nothing-phone-3a-black-128-gb/p/itm49557c5a65f9c?pid=MOBH8G3P6UXPEFSZ&lid=LSTMOBH8G3P6UXPEFSZTYXBHZ&marketplace=FLIPKART&store=tyy%2F4io&srno=b_5_120&otracker=browse&fm=organic&iid=84845a0c-f50b-409b-8035-b8531c42ac5d.MOBH8G3P6UXPEFSZ.SEARCH&ppt=None&ppn=None&ssid=ipjb37kwqo0000001759037084030
